timestamp,dns_name,dns_ip,domain,latency_ms,status
2025-12-14 13:10:58,Google_Sec,8.8.4.4,google.com,16,OK
2025-12-14 13:10:58,Google_Sec,8.8.4.4,amazon.com,10,OK
2025-12-14 13:10:59,Google_Sec,8.8.4.4,facebook.com,12,OK
2025-12-14 13:10:59,Google_Sec,8.8.4.4,uol.com.br,14,OK
2025-12-14 13:11:00,Google_Sec,8.8.4.4,netflix.com,16,OK
2025-12-14 13:11:00,Cloudflare_Pri,1.1.1.1,google.com,17,OK
2025-12-14 13:11:01,Cloudflare_Pri,1.1.1.1,amazon.com,9,OK
2025-12-14 13:11:02,Cloudflare_Pri,1.1.1.1,facebook.com,9,OK
2025-12-14 13:11:02,Cloudflare_Pri,1.1.1.1,uol.com.br,20,OK
2025-12-14 13:11:03,Cloudflare_Pri,1.1.1.1,netflix.com,10,OK
2025-12-14 13:11:04,Linkfort_7,138.97.220.69,google.com,9,OK
2025-12-14 13:11:04,Linkfort_7,138.97.220.69,amazon.com,4,OK
2025-12-14 13:11:05,Linkfort_7,138.97.220.69,facebook.com,10,OK
2025-12-14 13:11:06,Linkfort_7,138.97.220.69,uol.com.br,10,OK
2025-12-14 13:11:06,Linkfort_7,138.97.220.69,netflix.com,11,OK
2025-12-14 13:11:07,Linkfort_6,138.97.220.66,google.com,25,OK
2025-12-14 13:11:08,Linkfort_6,138.97.220.66,amazon.com,17,OK
2025-12-14 13:11:08,Linkfort_6,138.97.220.66,facebook.com,15,OK
2025-12-14 13:11:09,Linkfort_6,138.97.220.66,uol.com.br,13,OK
2025-12-14 13:11:09,Linkfort_6,138.97.220.66,netflix.com,11,OK
2025-12-14 13:11:10,Linkfort_5,138.97.220.65,google.com,11,OK
2025-12-14 13:11:11,Linkfort_5,138.97.220.65,amazon.com,8,OK
2025-12-14 13:11:11,Linkfort_5,138.97.220.65,facebook.com,10,OK
2025-12-14 13:11:12,Linkfort_5,138.97.220.65,uol.com.br,9,OK
2025-12-14 13:11:12,Linkfort_5,138.97.220.65,netflix.com,10,OK
2025-12-14 13:11:13,Linkfort_2,138.97.220.62,google.com,8,OK
2025-12-14 13:11:14,Linkfort_2,138.97.220.62,amazon.com,15,OK
2025-12-14 13:11:14,Linkfort_2,138.97.220.62,facebook.com,8,OK
2025-12-14 13:11:15,Linkfort_2,138.97.220.62,uol.com.br,9,OK
2025-12-14 13:11:15,Linkfort_2,138.97.220.62,netflix.com,11,OK
2025-12-14 13:11:16,Linkfort_4,138.97.220.60,google.com,14,OK
2025-12-14 13:11:17,Linkfort_4,138.97.220.60,amazon.com,9,OK
2025-12-14 13:11:17,Linkfort_4,138.97.220.60,facebook.com,10,OK
2025-12-14 13:11:18,Linkfort_4,138.97.220.60,uol.com.br,10,OK
2025-12-14 13:11:18,Linkfort_4,138.97.220.60,netflix.com,10,OK
2025-12-14 13:11:19,Google_Pri,8.8.8.8,google.com,12,OK
2025-12-14 13:11:20,Google_Pri,8.8.8.8,amazon.com,11,OK
2025-12-14 13:11:20,Google_Pri,8.8.8.8,facebook.com,9,OK
2025-12-14 13:11:21,Google_Pri,8.8.8.8,uol.com.br,10,OK
2025-12-14 13:11:22,Google_Pri,8.8.8.8,netflix.com,9,OK
2025-12-14 13:11:22,Linkfort_3,138.97.220.57,google.com,11,OK
2025-12-14 13:11:23,Linkfort_3,138.97.220.57,amazon.com,55,OK
2025-12-14 13:11:23,Linkfort_3,138.97.220.57,facebook.com,9,OK
2025-12-14 13:11:24,Linkfort_3,138.97.220.57,uol.com.br,13,OK
2025-12-14 13:11:25,Linkfort_3,138.97.220.57,netflix.com,15,OK
2025-12-14 13:11:25,Linkfort_1,138.97.220.58,google.com,9,OK
2025-12-14 13:11:26,Linkfort_1,138.97.220.58,amazon.com,9,OK
2025-12-14 13:11:27,Linkfort_1,138.97.220.58,facebook.com,9,OK
2025-12-14 13:11:27,Linkfort_1,138.97.220.58,uol.com.br,10,OK
2025-12-14 13:11:28,Linkfort_1,138.97.220.58,netflix.com,24,OK
2025-12-14 13:11:28,Linkfort_8,138.97.220.70,google.com,11,OK
2025-12-14 13:11:29,Linkfort_8,138.97.220.70,amazon.com,10,OK
2025-12-14 13:11:30,Linkfort_8,138.97.220.70,facebook.com,8,OK
2025-12-14 13:11:30,Linkfort_8,138.97.220.70,uol.com.br,10,OK
2025-12-14 13:11:31,Linkfort_8,138.97.220.70,netflix.com,18,OK
2025-12-14 13:11:31,Cloudflare_Sec,1.0.0.1,google.com,9,OK
2025-12-14 13:11:32,Cloudflare_Sec,1.0.0.1,amazon.com,12,OK
2025-12-14 13:11:33,Cloudflare_Sec,1.0.0.1,facebook.com,10,OK
2025-12-14 13:11:33,Cloudflare_Sec,1.0.0.1,uol.com.br,9,OK
2025-12-14 13:11:34,Cloudflare_Sec,1.0.0.1,netflix.com,9,OK
2025-12-14 13:11:40,Google_Sec,8.8.4.4,google.com,25,OK
2025-12-14 13:11:40,Google_Sec,8.8.4.4,amazon.com,10,OK
2025-12-14 13:11:41,Google_Sec,8.8.4.4,facebook.com,9,OK
2025-12-14 13:11:41,Google_Sec,8.8.4.4,uol.com.br,10,OK
2025-12-14 13:11:42,Google_Sec,8.8.4.4,netflix.com,9,OK
2025-12-14 13:11:43,Cloudflare_Pri,1.1.1.1,google.com,75,OK
2025-12-14 13:11:43,Cloudflare_Pri,1.1.1.1,amazon.com,11,OK
2025-12-14 13:11:44,Cloudflare_Pri,1.1.1.1,facebook.com,10,OK
2025-12-14 13:11:45,Cloudflare_Pri,1.1.1.1,uol.com.br,10,OK
2025-12-14 13:11:45,Cloudflare_Pri,1.1.1.1,netflix.com,11,OK
2025-12-14 13:11:46,Linkfort_7,138.97.220.69,google.com,12,OK
2025-12-14 13:11:46,Linkfort_7,138.97.220.69,amazon.com,8,OK
2025-12-14 13:11:47,Linkfort_7,138.97.220.69,facebook.com,9,OK
2025-12-14 13:11:48,Linkfort_7,138.97.220.69,uol.com.br,11,OK
2025-12-14 13:11:48,Linkfort_7,138.97.220.69,netflix.com,12,OK
2025-12-14 13:11:49,Linkfort_6,138.97.220.66,google.com,9,OK
2025-12-14 13:11:50,Linkfort_6,138.97.220.66,amazon.com,9,OK
2025-12-14 13:11:50,Linkfort_6,138.97.220.66,facebook.com,9,OK
2025-12-14 13:11:51,Linkfort_6,138.97.220.66,uol.com.br,8,OK
2025-12-14 13:11:51,Linkfort_6,138.97.220.66,netflix.com,9,OK
2025-12-14 13:11:52,Linkfort_5,138.97.220.65,google.com,9,OK
2025-12-14 13:11:53,Linkfort_5,138.97.220.65,amazon.com,10,OK
2025-12-14 13:11:53,Linkfort_5,138.97.220.65,facebook.com,8,OK
2025-12-14 13:11:54,Linkfort_5,138.97.220.65,uol.com.br,11,OK
2025-12-14 13:11:55,Linkfort_5,138.97.220.65,netflix.com,13,OK
2025-12-14 13:11:55,Linkfort_2,138.97.220.62,google.com,11,OK
2025-12-14 13:11:56,Linkfort_2,138.97.220.62,amazon.com,8,OK
2025-12-14 13:11:56,Linkfort_2,138.97.220.62,facebook.com,8,OK
2025-12-14 13:11:57,Linkfort_2,138.97.220.62,uol.com.br,8,OK
2025-12-14 13:11:57,Linkfort_2,138.97.220.62,netflix.com,9,OK
2025-12-14 13:11:58,Linkfort_4,138.97.220.60,google.com,10,OK
2025-12-14 13:11:59,Linkfort_4,138.97.220.60,amazon.com,10,OK
2025-12-14 13:11:59,Linkfort_4,138.97.220.60,facebook.com,8,OK
2025-12-14 13:12:00,Linkfort_4,138.97.220.60,uol.com.br,12,OK
2025-12-14 13:12:01,Linkfort_4,138.97.220.60,netflix.com,9,OK
2025-12-14 13:12:01,Google_Pri,8.8.8.8,google.com,14,OK
2025-12-14 13:12:02,Google_Pri,8.8.8.8,amazon.com,9,OK
2025-12-14 13:12:03,Google_Pri,8.8.8.8,facebook.com,12,OK
2025-12-14 13:12:03,Google_Pri,8.8.8.8,uol.com.br,8,OK
2025-12-14 13:12:04,Google_Pri,8.8.8.8,netflix.com,10,OK
2025-12-14 13:12:05,Linkfort_3,138.97.220.57,google.com,9,OK
2025-12-14 13:12:05,Linkfort_3,138.97.220.57,amazon.com,7,OK
2025-12-14 13:12:06,Linkfort_3,138.97.220.57,facebook.com,12,OK
2025-12-14 13:12:06,Linkfort_3,138.97.220.57,uol.com.br,11,OK
2025-12-14 13:12:07,Linkfort_3,138.97.220.57,netflix.com,11,OK
2025-12-14 13:12:08,Linkfort_1,138.97.220.58,google.com,59,OK
2025-12-14 13:12:08,Linkfort_1,138.97.220.58,amazon.com,8,OK
2025-12-14 13:12:09,Linkfort_1,138.97.220.58,facebook.com,10,OK
2025-12-14 13:12:09,Linkfort_1,138.97.220.58,uol.com.br,10,OK
2025-12-14 13:12:10,Linkfort_1,138.97.220.58,netflix.com,11,OK
2025-12-14 13:12:10,Linkfort_8,138.97.220.70,google.com,11,OK
2025-12-14 13:12:11,Linkfort_8,138.97.220.70,amazon.com,11,OK
2025-12-14 13:12:12,Linkfort_8,138.97.220.70,facebook.com,8,OK
2025-12-14 13:12:12,Linkfort_8,138.97.220.70,uol.com.br,52,OK
2025-12-14 13:12:13,Linkfort_8,138.97.220.70,netflix.com,21,OK
2025-12-14 13:12:13,Cloudflare_Sec,1.0.0.1,google.com,9,OK
2025-12-14 13:12:14,Cloudflare_Sec,1.0.0.1,amazon.com,15,OK
2025-12-14 13:12:15,Cloudflare_Sec,1.0.0.1,facebook.com,12,OK
2025-12-14 13:12:15,Cloudflare_Sec,1.0.0.1,uol.com.br,14,OK
2025-12-14 13:12:16,Cloudflare_Sec,1.0.0.1,netflix.com,12,OK
2025-12-14 13:12:21,Google_Sec,8.8.4.4,google.com,10,OK
2025-12-14 13:12:22,Google_Sec,8.8.4.4,amazon.com,11,OK
2025-12-14 13:12:23,Google_Sec,8.8.4.4,facebook.com,15,OK
2025-12-14 13:12:24,Google_Sec,8.8.4.4,uol.com.br,12,OK
2025-12-14 13:12:25,Google_Sec,8.8.4.4,netflix.com,45,OK
2025-12-14 13:12:26,Cloudflare_Pri,1.1.1.1,google.com,13,OK
2025-12-14 13:12:27,Cloudflare_Pri,1.1.1.1,amazon.com,19,OK
2025-12-14 13:12:28,Cloudflare_Pri,1.1.1.1,facebook.com,9,OK
2025-12-14 13:12:28,Cloudflare_Pri,1.1.1.1,uol.com.br,11,OK
2025-12-14 13:12:29,Cloudflare_Pri,1.1.1.1,netflix.com,10,OK
2025-12-14 13:12:29,Linkfort_7,138.97.220.69,google.com,9,OK
2025-12-14 13:12:30,Linkfort_7,138.97.220.69,amazon.com,11,OK
2025-12-14 13:12:31,Linkfort_7,138.97.220.69,facebook.com,9,OK
2025-12-14 13:12:31,Linkfort_7,138.97.220.69,uol.com.br,10,OK
2025-12-14 13:12:32,Linkfort_7,138.97.220.69,netflix.com,10,OK
2025-12-14 13:12:33,Linkfort_6,138.97.220.66,google.com,11,OK
2025-12-14 13:12:33,Linkfort_6,138.97.220.66,amazon.com,19,OK
2025-12-14 13:12:34,Linkfort_6,138.97.220.66,facebook.com,10,OK
2025-12-14 13:12:34,Linkfort_6,138.97.220.66,uol.com.br,10,OK
2025-12-14 13:12:35,Linkfort_6,138.97.220.66,netflix.com,10,OK
2025-12-14 13:12:36,Linkfort_5,138.97.220.65,google.com,11,OK
2025-12-14 13:12:36,Linkfort_5,138.97.220.65,amazon.com,8,OK
2025-12-14 13:12:37,Linkfort_5,138.97.220.65,facebook.com,14,OK
2025-12-14 13:12:37,Linkfort_5,138.97.220.65,uol.com.br,9,OK
2025-12-14 13:12:38,Linkfort_5,138.97.220.65,netflix.com,10,OK
2025-12-14 13:12:39,Linkfort_2,138.97.220.62,google.com,10,OK
2025-12-14 13:12:39,Linkfort_2,138.97.220.62,amazon.com,7,OK
2025-12-14 13:12:40,Linkfort_2,138.97.220.62,facebook.com,9,OK
2025-12-14 13:12:41,Linkfort_2,138.97.220.62,uol.com.br,9,OK
2025-12-14 13:12:41,Linkfort_2,138.97.220.62,netflix.com,14,OK
2025-12-14 13:12:42,Linkfort_4,138.97.220.60,google.com,10,OK
2025-12-14 13:12:42,Linkfort_4,138.97.220.60,amazon.com,10,OK
2025-12-14 13:12:43,Linkfort_4,138.97.220.60,facebook.com,11,OK
2025-12-14 13:12:44,Linkfort_4,138.97.220.60,uol.com.br,16,OK
2025-12-14 13:12:44,Linkfort_4,138.97.220.60,netflix.com,13,OK
2025-12-14 13:12:45,Google_Pri,8.8.8.8,google.com,14,OK
2025-12-14 13:12:46,Google_Pri,8.8.8.8,amazon.com,9,OK
2025-12-14 13:12:46,Google_Pri,8.8.8.8,facebook.com,11,OK
2025-12-14 13:12:47,Google_Pri,8.8.8.8,uol.com.br,9,OK
2025-12-14 13:12:48,Google_Pri,8.8.8.8,netflix.com,11,OK
2025-12-14 13:12:48,Linkfort_3,138.97.220.57,google.com,10,OK
2025-12-14 13:12:49,Linkfort_3,138.97.220.57,amazon.com,10,OK
2025-12-14 13:12:49,Linkfort_3,138.97.220.57,facebook.com,10,OK
2025-12-14 13:12:50,Linkfort_3,138.97.220.57,uol.com.br,10,OK
2025-12-14 13:12:51,Linkfort_3,138.97.220.57,netflix.com,9,OK
2025-12-14 13:12:51,Linkfort_1,138.97.220.58,google.com,10,OK
2025-12-14 13:12:52,Linkfort_1,138.97.220.58,amazon.com,9,OK
2025-12-14 13:12:52,Linkfort_1,138.97.220.58,facebook.com,9,OK
2025-12-14 13:12:53,Linkfort_1,138.97.220.58,uol.com.br,13,OK
2025-12-14 13:12:53,Linkfort_1,138.97.220.58,netflix.com,10,OK
2025-12-14 13:12:54,Linkfort_8,138.97.220.70,google.com,10,OK
2025-12-14 13:12:55,Linkfort_8,138.97.220.70,amazon.com,10,OK
2025-12-14 13:12:55,Linkfort_8,138.97.220.70,facebook.com,8,OK
2025-12-14 13:12:56,Linkfort_8,138.97.220.70,uol.com.br,11,OK
2025-12-14 13:12:56,Linkfort_8,138.97.220.70,netflix.com,13,OK
2025-12-14 13:12:57,Cloudflare_Sec,1.0.0.1,google.com,16,OK
2025-12-14 13:12:58,Cloudflare_Sec,1.0.0.1,amazon.com,11,OK
2025-12-14 13:12:58,Cloudflare_Sec,1.0.0.1,facebook.com,12,OK
2025-12-14 13:12:59,Cloudflare_Sec,1.0.0.1,uol.com.br,14,OK
2025-12-14 13:12:59,Cloudflare_Sec,1.0.0.1,netflix.com,9,OK
2025-12-14 13:13:05,Google_Sec,8.8.4.4,google.com,9,OK
2025-12-14 13:13:05,Google_Sec,8.8.4.4,amazon.com,10,OK
2025-12-14 13:13:06,Google_Sec,8.8.4.4,facebook.com,14,OK
2025-12-14 13:13:07,Google_Sec,8.8.4.4,uol.com.br,13,OK
2025-12-14 13:13:07,Google_Sec,8.8.4.4,netflix.com,10,OK
2025-12-14 13:13:08,Cloudflare_Pri,1.1.1.1,google.com,12,OK
2025-12-14 13:13:08,Cloudflare_Pri,1.1.1.1,amazon.com,7,OK
2025-12-14 13:13:09,Cloudflare_Pri,1.1.1.1,facebook.com,10,OK
2025-12-14 13:13:10,Cloudflare_Pri,1.1.1.1,uol.com.br,10,OK
2025-12-14 13:13:10,Cloudflare_Pri,1.1.1.1,netflix.com,11,OK
2025-12-14 13:13:11,Linkfort_7,138.97.220.69,google.com,16,OK
2025-12-14 13:13:11,Linkfort_7,138.97.220.69,amazon.com,11,OK
2025-12-14 13:13:12,Linkfort_7,138.97.220.69,facebook.com,11,OK
2025-12-14 13:13:13,Linkfort_7,138.97.220.69,uol.com.br,14,OK
2025-12-14 13:13:13,Linkfort_7,138.97.220.69,netflix.com,9,OK
2025-12-14 13:13:14,Linkfort_6,138.97.220.66,google.com,11,OK
2025-12-14 13:13:14,Linkfort_6,138.97.220.66,amazon.com,13,OK
2025-12-14 13:13:15,Linkfort_6,138.97.220.66,facebook.com,13,OK
2025-12-14 13:13:16,Linkfort_6,138.97.220.66,uol.com.br,14,OK
2025-12-14 13:13:17,Linkfort_6,138.97.220.66,netflix.com,9,OK
2025-12-14 13:13:17,Linkfort_5,138.97.220.65,google.com,9,OK
2025-12-14 13:13:18,Linkfort_5,138.97.220.65,amazon.com,11,OK
2025-12-14 13:13:18,Linkfort_5,138.97.220.65,facebook.com,11,OK
2025-12-14 13:13:19,Linkfort_5,138.97.220.65,uol.com.br,8,OK
2025-12-14 13:13:20,Linkfort_5,138.97.220.65,netflix.com,9,OK
2025-12-14 13:13:20,Linkfort_2,138.97.220.62,google.com,8,OK
2025-12-14 13:13:21,Linkfort_2,138.97.220.62,amazon.com,10,OK
2025-12-14 13:13:21,Linkfort_2,138.97.220.62,facebook.com,10,OK
2025-12-14 13:13:22,Linkfort_2,138.97.220.62,uol.com.br,9,OK
2025-12-14 13:13:23,Linkfort_2,138.97.220.62,netflix.com,11,OK
2025-12-14 13:13:23,Linkfort_4,138.97.220.60,google.com,13,OK
2025-12-14 13:13:24,Linkfort_4,138.97.220.60,amazon.com,12,OK
2025-12-14 13:13:24,Linkfort_4,138.97.220.60,facebook.com,15,OK
2025-12-14 13:13:25,Linkfort_4,138.97.220.60,uol.com.br,9,OK
2025-12-14 13:13:26,Linkfort_4,138.97.220.60,netflix.com,12,OK
2025-12-14 13:13:26,Google_Pri,8.8.8.8,google.com,13,OK
2025-12-14 13:13:27,Google_Pri,8.8.8.8,amazon.com,14,OK
2025-12-14 13:13:27,Google_Pri,8.8.8.8,facebook.com,12,OK
2025-12-14 13:13:28,Google_Pri,8.8.8.8,uol.com.br,9,OK
2025-12-14 13:13:29,Google_Pri,8.8.8.8,netflix.com,11,OK
2025-12-14 13:13:29,Linkfort_3,138.97.220.57,google.com,7,OK
2025-12-14 13:13:30,Linkfort_3,138.97.220.57,amazon.com,17,OK
2025-12-14 13:13:31,Linkfort_3,138.97.220.57,facebook.com,9,OK
2025-12-14 13:13:31,Linkfort_3,138.97.220.57,uol.com.br,11,OK
2025-12-14 13:13:32,Linkfort_3,138.97.220.57,netflix.com,12,OK
2025-12-14 13:13:32,Linkfort_1,138.97.220.58,google.com,11,OK
2025-12-14 13:13:33,Linkfort_1,138.97.220.58,amazon.com,9,OK
2025-12-14 13:13:34,Linkfort_1,138.97.220.58,facebook.com,10,OK
2025-12-14 13:13:34,Linkfort_1,138.97.220.58,uol.com.br,12,OK
2025-12-14 13:13:35,Linkfort_1,138.97.220.58,netflix.com,12,OK
2025-12-14 13:13:35,Linkfort_8,138.97.220.70,google.com,10,OK
2025-12-14 13:13:36,Linkfort_8,138.97.220.70,amazon.com,10,OK
2025-12-14 13:13:37,Linkfort_8,138.97.220.70,facebook.com,9,OK
2025-12-14 13:13:37,Linkfort_8,138.97.220.70,uol.com.br,10,OK
2025-12-14 13:13:38,Linkfort_8,138.97.220.70,netflix.com,43,OK
2025-12-14 13:13:38,Cloudflare_Sec,1.0.0.1,google.com,78,OK
2025-12-14 13:13:39,Cloudflare_Sec,1.0.0.1,amazon.com,111,OK
2025-12-14 13:13:40,Cloudflare_Sec,1.0.0.1,facebook.com,12,OK
2025-12-14 13:13:40,Cloudflare_Sec,1.0.0.1,uol.com.br,10,OK
2025-12-14 13:13:41,Cloudflare_Sec,1.0.0.1,netflix.com,11,OK
2025-12-14 13:13:46,Google_Sec,8.8.4.4,google.com,9,OK
2025-12-14 13:13:47,Google_Sec,8.8.4.4,amazon.com,13,OK
2025-12-14 13:13:48,Google_Sec,8.8.4.4,facebook.com,10,OK
2025-12-14 13:13:48,Google_Sec,8.8.4.4,uol.com.br,13,OK
2025-12-14 13:13:49,Google_Sec,8.8.4.4,netflix.com,12,OK
2025-12-14 13:13:50,Cloudflare_Pri,1.1.1.1,google.com,12,OK
2025-12-14 13:13:50,Cloudflare_Pri,1.1.1.1,amazon.com,9,OK
2025-12-14 13:13:51,Cloudflare_Pri,1.1.1.1,facebook.com,10,OK
2025-12-14 13:13:51,Cloudflare_Pri,1.1.1.1,uol.com.br,11,OK
2025-12-14 13:13:52,Cloudflare_Pri,1.1.1.1,netflix.com,10,OK
2025-12-14 13:13:52,Linkfort_7,138.97.220.69,google.com,9,OK
2025-12-14 13:13:53,Linkfort_7,138.97.220.69,amazon.com,9,OK
2025-12-14 13:13:54,Linkfort_7,138.97.220.69,facebook.com,10,OK
2025-12-14 13:13:54,Linkfort_7,138.97.220.69,uol.com.br,10,OK
2025-12-14 13:13:55,Linkfort_7,138.97.220.69,netflix.com,13,OK
2025-12-14 13:13:55,Linkfort_6,138.97.220.66,google.com,8,OK
2025-12-14 13:13:56,Linkfort_6,138.97.220.66,amazon.com,10,OK
2025-12-14 13:13:57,Linkfort_6,138.97.220.66,facebook.com,11,OK
2025-12-14 13:13:57,Linkfort_6,138.97.220.66,uol.com.br,9,OK
2025-12-14 13:13:58,Linkfort_6,138.97.220.66,netflix.com,19,OK
2025-12-14 13:13:58,Linkfort_5,138.97.220.65,google.com,11,OK
2025-12-14 13:13:59,Linkfort_5,138.97.220.65,amazon.com,10,OK
2025-12-14 13:14:00,Linkfort_5,138.97.220.65,facebook.com,12,OK
2025-12-14 13:14:00,Linkfort_5,138.97.220.65,uol.com.br,10,OK
2025-12-14 13:14:01,Linkfort_5,138.97.220.65,netflix.com,10,OK
2025-12-14 13:14:01,Linkfort_2,138.97.220.62,google.com,18,OK
2025-12-14 13:14:02,Linkfort_2,138.97.220.62,amazon.com,10,OK
2025-12-14 13:14:03,Linkfort_2,138.97.220.62,facebook.com,10,OK
2025-12-14 13:14:03,Linkfort_2,138.97.220.62,uol.com.br,14,OK
2025-12-14 13:14:04,Linkfort_2,138.97.220.62,netflix.com,18,OK
2025-12-14 13:14:05,Linkfort_4,138.97.220.60,google.com,9,OK
2025-12-14 13:14:05,Linkfort_4,138.97.220.60,amazon.com,17,OK
2025-12-14 13:14:06,Linkfort_4,138.97.220.60,facebook.com,15,OK
2025-12-14 13:14:07,Linkfort_4,138.97.220.60,uol.com.br,11,OK
2025-12-14 13:14:07,Linkfort_4,138.97.220.60,netflix.com,12,OK
2025-12-14 13:14:08,Google_Pri,8.8.8.8,google.com,10,OK
2025-12-14 13:14:08,Google_Pri,8.8.8.8,amazon.com,13,OK
2025-12-14 13:14:09,Google_Pri,8.8.8.8,facebook.com,8,OK
2025-12-14 13:14:09,Google_Pri,8.8.8.8,uol.com.br,11,OK
2025-12-14 13:14:10,Google_Pri,8.8.8.8,netflix.com,14,OK
2025-12-14 13:14:11,Linkfort_3,138.97.220.57,google.com,14,OK
2025-12-14 13:14:11,Linkfort_3,138.97.220.57,amazon.com,11,OK
2025-12-14 13:14:12,Linkfort_3,138.97.220.57,facebook.com,12,OK
2025-12-14 13:14:12,Linkfort_3,138.97.220.57,uol.com.br,10,OK
2025-12-14 13:14:13,Linkfort_3,138.97.220.57,netflix.com,28,OK
2025-12-14 13:14:13,Linkfort_1,138.97.220.58,google.com,8,OK
2025-12-14 13:14:14,Linkfort_1,138.97.220.58,amazon.com,13,OK
2025-12-14 13:14:15,Linkfort_1,138.97.220.58,facebook.com,11,OK
2025-12-14 13:14:16,Linkfort_1,138.97.220.58,uol.com.br,12,OK
2025-12-14 13:14:16,Linkfort_1,138.97.220.58,netflix.com,8,OK
2025-12-14 13:14:17,Linkfort_8,138.97.220.70,google.com,11,OK
2025-12-14 13:14:17,Linkfort_8,138.97.220.70,amazon.com,12,OK
2025-12-14 13:14:18,Linkfort_8,138.97.220.70,facebook.com,9,OK
2025-12-14 13:14:18,Linkfort_8,138.97.220.70,uol.com.br,11,OK
2025-12-14 13:14:19,Linkfort_8,138.97.220.70,netflix.com,13,OK
2025-12-14 13:14:20,Cloudflare_Sec,1.0.0.1,google.com,9,OK
2025-12-14 13:14:20,Cloudflare_Sec,1.0.0.1,amazon.com,10,OK
2025-12-14 13:14:21,Cloudflare_Sec,1.0.0.1,facebook.com,10,OK
2025-12-14 13:14:21,Cloudflare_Sec,1.0.0.1,uol.com.br,10,OK
2025-12-14 13:14:22,Cloudflare_Sec,1.0.0.1,netflix.com,13,OK
2025-12-14 13:16:23,Google_Sec,8.8.4.4,google.com,11,OK
2025-12-14 13:16:23,Google_Sec,8.8.4.4,amazon.com,11,OK
2025-12-14 13:16:24,Google_Sec,8.8.4.4,facebook.com,11,OK
2025-12-14 13:16:25,Google_Sec,8.8.4.4,uol.com.br,10,OK
2025-12-14 13:16:25,Google_Sec,8.8.4.4,netflix.com,15,OK
2025-12-14 13:16:26,Cloudflare_Pri,1.1.1.1,google.com,12,OK
2025-12-14 13:16:26,Cloudflare_Pri,1.1.1.1,amazon.com,9,OK
2025-12-14 13:16:27,Cloudflare_Pri,1.1.1.1,facebook.com,12,OK
2025-12-14 13:16:28,Cloudflare_Pri,1.1.1.1,uol.com.br,11,OK
2025-12-14 13:16:28,Cloudflare_Pri,1.1.1.1,netflix.com,10,OK
2025-12-14 13:16:29,Linkfort_7,138.97.220.69,google.com,11,OK
2025-12-14 13:16:29,Linkfort_7,138.97.220.69,amazon.com,11,OK
2025-12-14 13:16:30,Linkfort_7,138.97.220.69,facebook.com,11,OK
2025-12-14 13:16:30,Linkfort_7,138.97.220.69,uol.com.br,12,OK
2025-12-14 13:16:31,Linkfort_7,138.97.220.69,netflix.com,10,OK
2025-12-14 13:16:32,Linkfort_6,138.97.220.66,google.com,11,OK
2025-12-14 13:16:32,Linkfort_6,138.97.220.66,amazon.com,11,OK
2025-12-14 13:16:33,Linkfort_6,138.97.220.66,facebook.com,14,OK
2025-12-14 13:16:33,Linkfort_6,138.97.220.66,uol.com.br,11,OK
2025-12-14 13:16:34,Linkfort_6,138.97.220.66,netflix.com,11,OK
2025-12-14 13:16:35,Linkfort_5,138.97.220.65,google.com,10,OK
2025-12-14 13:16:35,Linkfort_5,138.97.220.65,amazon.com,12,OK
2025-12-14 13:16:36,Linkfort_5,138.97.220.65,facebook.com,11,OK
2025-12-14 13:16:36,Linkfort_5,138.97.220.65,uol.com.br,10,OK
2025-12-14 13:16:37,Linkfort_5,138.97.220.65,netflix.com,8,OK
2025-12-14 13:16:38,Linkfort_2,138.97.220.62,google.com,13,OK
2025-12-14 13:16:38,Linkfort_2,138.97.220.62,amazon.com,11,OK
2025-12-14 13:16:39,Linkfort_2,138.97.220.62,facebook.com,12,OK
2025-12-14 13:16:39,Linkfort_2,138.97.220.62,uol.com.br,9,OK
2025-12-14 13:16:40,Linkfort_2,138.97.220.62,netflix.com,12,OK
2025-12-14 13:16:40,Linkfort_4,138.97.220.60,google.com,11,OK
2025-12-14 13:16:41,Linkfort_4,138.97.220.60,amazon.com,10,OK
2025-12-14 13:16:42,Linkfort_4,138.97.220.60,facebook.com,9,OK
2025-12-14 13:16:42,Linkfort_4,138.97.220.60,uol.com.br,11,OK
2025-12-14 13:16:43,Linkfort_4,138.97.220.60,netflix.com,9,OK
2025-12-14 13:16:43,Google_Pri,8.8.8.8,google.com,8,OK
2025-12-14 13:16:44,Google_Pri,8.8.8.8,amazon.com,10,OK
2025-12-14 13:16:44,Google_Pri,8.8.8.8,facebook.com,11,OK
2025-12-14 13:16:45,Google_Pri,8.8.8.8,uol.com.br,10,OK
2025-12-14 13:16:46,Google_Pri,8.8.8.8,netflix.com,9,OK
2025-12-14 13:16:46,Linkfort_3,138.97.220.57,google.com,12,OK
2025-12-14 13:16:47,Linkfort_3,138.97.220.57,amazon.com,11,OK
2025-12-14 13:16:47,Linkfort_3,138.97.220.57,facebook.com,11,OK
2025-12-14 13:16:48,Linkfort_3,138.97.220.57,uol.com.br,12,OK
2025-12-14 13:16:48,Linkfort_3,138.97.220.57,netflix.com,11,OK
2025-12-14 13:16:49,Linkfort_1,138.97.220.58,google.com,10,OK
2025-12-14 13:16:50,Linkfort_1,138.97.220.58,amazon.com,12,OK
2025-12-14 13:16:50,Linkfort_1,138.97.220.58,facebook.com,11,OK
2025-12-14 13:16:51,Linkfort_1,138.97.220.58,uol.com.br,9,OK
2025-12-14 13:16:51,Linkfort_1,138.97.220.58,netflix.com,10,OK
2025-12-14 13:16:52,Linkfort_8,138.97.220.70,google.com,9,OK
2025-12-14 13:16:52,Linkfort_8,138.97.220.70,amazon.com,11,OK
2025-12-14 13:16:53,Linkfort_8,138.97.220.70,facebook.com,11,OK
2025-12-14 13:16:54,Linkfort_8,138.97.220.70,uol.com.br,11,OK
2025-12-14 13:16:54,Linkfort_8,138.97.220.70,netflix.com,38,OK
2025-12-14 13:16:55,Cloudflare_Sec,1.0.0.1,google.com,11,OK
2025-12-14 13:16:55,Cloudflare_Sec,1.0.0.1,amazon.com,10,OK
2025-12-14 13:16:56,Cloudflare_Sec,1.0.0.1,facebook.com,11,OK
2025-12-14 13:16:56,Cloudflare_Sec,1.0.0.1,uol.com.br,42,OK
2025-12-14 13:16:57,Cloudflare_Sec,1.0.0.1,netflix.com,57,OK
2025-12-14 13:17:03,Google_Sec,8.8.4.4,google.com,16,OK
2025-12-14 13:17:03,Google_Sec,8.8.4.4,amazon.com,13,OK
2025-12-14 13:17:04,Google_Sec,8.8.4.4,facebook.com,12,OK
2025-12-14 13:17:04,Google_Sec,8.8.4.4,uol.com.br,8,OK
2025-12-14 13:17:05,Google_Sec,8.8.4.4,netflix.com,10,OK
2025-12-14 13:17:06,Cloudflare_Pri,1.1.1.1,google.com,11,OK
2025-12-14 13:17:06,Cloudflare_Pri,1.1.1.1,amazon.com,11,OK
2025-12-14 13:17:07,Cloudflare_Pri,1.1.1.1,facebook.com,10,OK
2025-12-14 13:17:07,Cloudflare_Pri,1.1.1.1,uol.com.br,10,OK
2025-12-14 13:17:08,Cloudflare_Pri,1.1.1.1,netflix.com,10,OK
2025-12-14 13:17:08,Linkfort_7,138.97.220.69,google.com,10,OK
2025-12-14 13:17:09,Linkfort_7,138.97.220.69,amazon.com,11,OK
2025-12-14 13:17:10,Linkfort_7,138.97.220.69,facebook.com,11,OK
2025-12-14 13:17:10,Linkfort_7,138.97.220.69,uol.com.br,11,OK
2025-12-14 13:17:11,Linkfort_7,138.97.220.69,netflix.com,13,OK
2025-12-14 13:17:11,Linkfort_6,138.97.220.66,google.com,9,OK
2025-12-14 13:17:12,Linkfort_6,138.97.220.66,amazon.com,10,OK
2025-12-14 13:17:13,Linkfort_6,138.97.220.66,facebook.com,18,OK
2025-12-14 13:17:14,Linkfort_6,138.97.220.66,uol.com.br,10,OK
2025-12-14 13:17:14,Linkfort_6,138.97.220.66,netflix.com,10,OK
2025-12-14 13:17:15,Linkfort_5,138.97.220.65,google.com,8,OK
2025-12-14 13:17:15,Linkfort_5,138.97.220.65,amazon.com,14,OK
2025-12-14 13:17:16,Linkfort_5,138.97.220.65,facebook.com,11,OK
2025-12-14 13:30:13,Google_Sec,8.8.4.4,google.com,12,OK
2025-12-14 13:30:14,Google_Sec,8.8.4.4,amazon.com,9,OK
2025-12-14 13:30:14,Google_Sec,8.8.4.4,facebook.com,10,OK
2025-12-14 13:30:15,Google_Sec,8.8.4.4,uol.com.br,11,OK
2025-12-14 13:30:15,Google_Sec,8.8.4.4,netflix.com,8,OK
2025-12-14 13:30:16,Google_Sec,8.8.4.4,chatgpt.com,11,OK
2025-12-14 13:30:17,Google_Sec,8.8.4.4,gemini.google.com,9,OK
2025-12-14 13:30:17,Google_Sec,8.8.4.4,canva.com,11,OK
2025-12-14 13:30:18,Google_Sec,8.8.4.4,sei.univesp.br,9,OK
2025-12-14 13:30:18,Google_Sec,8.8.4.4,bertioga.sp.gov.br,17,OK
2025-12-14 13:30:19,Google_Sec,8.8.4.4,youtube.com,10,OK
2025-12-14 13:30:19,Cloudflare_Pri,1.1.1.1,google.com,8,OK
2025-12-14 13:30:20,Cloudflare_Pri,1.1.1.1,amazon.com,10,OK
2025-12-14 13:30:21,Cloudflare_Pri,1.1.1.1,facebook.com,13,OK
2025-12-14 13:30:21,Cloudflare_Pri,1.1.1.1,uol.com.br,9,OK
2025-12-14 13:30:22,Cloudflare_Pri,1.1.1.1,netflix.com,12,OK
2025-12-14 13:30:22,Cloudflare_Pri,1.1.1.1,chatgpt.com,9,OK
2025-12-14 13:30:23,Cloudflare_Pri,1.1.1.1,gemini.google.com,16,OK
2025-12-14 13:30:24,Cloudflare_Pri,1.1.1.1,canva.com,12,OK
2025-12-14 13:30:24,Cloudflare_Pri,1.1.1.1,sei.univesp.br,9,OK
2025-12-14 13:30:25,Cloudflare_Pri,1.1.1.1,bertioga.sp.gov.br,19,OK
2025-12-14 13:30:25,Cloudflare_Pri,1.1.1.1,youtube.com,10,OK
2025-12-14 13:30:26,Linkfort_7,138.97.220.69,google.com,10,OK
2025-12-14 13:30:27,Linkfort_7,138.97.220.69,amazon.com,11,OK
2025-12-14 13:30:27,Linkfort_7,138.97.220.69,facebook.com,12,OK
2025-12-14 13:30:28,Linkfort_7,138.97.220.69,uol.com.br,11,OK
2025-12-14 13:30:28,Linkfort_7,138.97.220.69,netflix.com,10,OK
2025-12-14 13:30:29,Linkfort_7,138.97.220.69,chatgpt.com,13,OK
2025-12-14 13:30:30,Linkfort_7,138.97.220.69,gemini.google.com,16,OK
2025-12-14 13:30:30,Linkfort_7,138.97.220.69,canva.com,14,OK
2025-12-14 13:30:31,Linkfort_7,138.97.220.69,sei.univesp.br,11,OK
2025-12-14 13:30:32,Linkfort_7,138.97.220.69,bertioga.sp.gov.br,12,OK
2025-12-14 13:30:32,Linkfort_7,138.97.220.69,youtube.com,13,OK
2025-12-14 13:30:33,Linkfort_6,138.97.220.66,google.com,14,OK
2025-12-14 13:30:33,Linkfort_6,138.97.220.66,amazon.com,11,OK
2025-12-14 13:30:34,Linkfort_6,138.97.220.66,facebook.com,10,OK
2025-12-14 13:30:35,Linkfort_6,138.97.220.66,uol.com.br,12,OK
2025-12-14 13:30:35,Linkfort_6,138.97.220.66,netflix.com,9,OK
2025-12-14 13:30:36,Linkfort_6,138.97.220.66,chatgpt.com,12,OK
2025-12-14 13:30:37,Linkfort_6,138.97.220.66,gemini.google.com,8,OK
2025-12-14 13:30:37,Linkfort_6,138.97.220.66,canva.com,11,OK
2025-12-14 13:30:38,Linkfort_6,138.97.220.66,sei.univesp.br,11,OK
2025-12-14 13:30:38,Linkfort_6,138.97.220.66,bertioga.sp.gov.br,10,OK
2025-12-14 13:30:39,Linkfort_6,138.97.220.66,youtube.com,12,OK
2025-12-14 13:30:39,Linkfort_5,138.97.220.65,google.com,10,OK
2025-12-14 13:30:40,Linkfort_5,138.97.220.65,amazon.com,10,OK
2025-12-14 13:30:41,Linkfort_5,138.97.220.65,facebook.com,13,OK
2025-12-14 13:30:41,Linkfort_5,138.97.220.65,uol.com.br,15,OK
2025-12-14 13:30:42,Linkfort_5,138.97.220.65,netflix.com,12,OK
2025-12-14 13:30:43,Linkfort_5,138.97.220.65,chatgpt.com,10,OK
2025-12-14 13:30:43,Linkfort_5,138.97.220.65,gemini.google.com,13,OK
2025-12-14 13:30:44,Linkfort_5,138.97.220.65,canva.com,12,OK
2025-12-14 13:30:44,Linkfort_5,138.97.220.65,sei.univesp.br,12,OK
2025-12-14 13:30:45,Linkfort_5,138.97.220.65,bertioga.sp.gov.br,11,OK
2025-12-14 13:30:46,Linkfort_5,138.97.220.65,youtube.com,14,OK
2025-12-14 13:30:46,Linkfort_2,138.97.220.62,google.com,13,OK
2025-12-14 13:30:47,Linkfort_2,138.97.220.62,amazon.com,9,OK
2025-12-14 13:30:47,Linkfort_2,138.97.220.62,facebook.com,11,OK
2025-12-14 13:30:48,Linkfort_2,138.97.220.62,uol.com.br,12,OK
2025-12-14 13:30:49,Linkfort_2,138.97.220.62,netflix.com,12,OK
2025-12-14 13:30:49,Linkfort_2,138.97.220.62,chatgpt.com,12,OK
2025-12-14 13:30:50,Linkfort_2,138.97.220.62,gemini.google.com,8,OK
2025-12-14 13:30:50,Linkfort_2,138.97.220.62,canva.com,10,OK
2025-12-14 13:30:51,Linkfort_2,138.97.220.62,sei.univesp.br,11,OK
2025-12-14 13:30:52,Linkfort_2,138.97.220.62,bertioga.sp.gov.br,16,OK
2025-12-14 13:30:52,Linkfort_2,138.97.220.62,youtube.com,11,OK
2025-12-14 13:30:53,Linkfort_4,138.97.220.60,google.com,14,OK
2025-12-14 13:30:53,Linkfort_4,138.97.220.60,amazon.com,10,OK
2025-12-14 13:30:54,Linkfort_4,138.97.220.60,facebook.com,10,OK
2025-12-14 13:30:55,Linkfort_4,138.97.220.60,uol.com.br,9,OK
2025-12-14 13:30:55,Linkfort_4,138.97.220.60,netflix.com,10,OK
2025-12-14 13:30:56,Linkfort_4,138.97.220.60,chatgpt.com,13,OK
2025-12-14 13:30:57,Linkfort_4,138.97.220.60,gemini.google.com,14,OK
2025-12-14 13:30:57,Linkfort_4,138.97.220.60,canva.com,15,OK
2025-12-14 13:30:58,Linkfort_4,138.97.220.60,sei.univesp.br,9,OK
2025-12-14 13:30:59,Linkfort_4,138.97.220.60,bertioga.sp.gov.br,13,OK
2025-12-14 13:31:00,Linkfort_4,138.97.220.60,youtube.com,9,OK
2025-12-14 13:31:00,Google_Pri,8.8.8.8,google.com,10,OK
2025-12-14 13:31:01,Google_Pri,8.8.8.8,amazon.com,11,OK
2025-12-14 13:31:01,Google_Pri,8.8.8.8,facebook.com,11,OK
2025-12-14 13:31:02,Google_Pri,8.8.8.8,uol.com.br,10,OK
2025-12-14 13:31:03,Google_Pri,8.8.8.8,netflix.com,11,OK
2025-12-14 13:31:03,Google_Pri,8.8.8.8,chatgpt.com,15,OK
2025-12-14 13:31:04,Google_Pri,8.8.8.8,gemini.google.com,11,OK
2025-12-14 13:31:04,Google_Pri,8.8.8.8,canva.com,10,OK
2025-12-14 13:31:05,Google_Pri,8.8.8.8,sei.univesp.br,18,OK
2025-12-14 13:31:06,Google_Pri,8.8.8.8,bertioga.sp.gov.br,59,OK
2025-12-14 13:31:06,Google_Pri,8.8.8.8,youtube.com,16,OK
2025-12-14 13:31:07,Linkfort_3,138.97.220.57,google.com,7,OK
2025-12-14 13:31:07,Linkfort_3,138.97.220.57,amazon.com,9,OK
2025-12-14 13:31:08,Linkfort_3,138.97.220.57,facebook.com,14,OK
2025-12-14 13:31:09,Linkfort_3,138.97.220.57,uol.com.br,55,OK
2025-12-14 13:31:09,Linkfort_3,138.97.220.57,netflix.com,53,OK
2025-12-14 13:31:10,Linkfort_3,138.97.220.57,chatgpt.com,9,OK
2025-12-14 13:31:11,Linkfort_3,138.97.220.57,gemini.google.com,11,OK
2025-12-14 13:31:11,Linkfort_3,138.97.220.57,canva.com,9,OK
2025-12-14 13:31:12,Linkfort_3,138.97.220.57,sei.univesp.br,10,OK
2025-12-14 13:31:12,Linkfort_3,138.97.220.57,bertioga.sp.gov.br,52,OK
2025-12-14 13:31:13,Linkfort_3,138.97.220.57,youtube.com,44,OK
2025-12-14 13:31:14,Linkfort_1,138.97.220.58,google.com,11,OK
2025-12-14 13:31:14,Linkfort_1,138.97.220.58,amazon.com,23,OK
2025-12-14 13:31:15,Linkfort_1,138.97.220.58,facebook.com,12,OK
2025-12-14 13:31:15,Linkfort_1,138.97.220.58,uol.com.br,8,OK
2025-12-14 13:31:16,Linkfort_1,138.97.220.58,netflix.com,12,OK
2025-12-14 13:31:17,Linkfort_1,138.97.220.58,chatgpt.com,11,OK
2025-12-14 13:31:17,Linkfort_1,138.97.220.58,gemini.google.com,12,OK
2025-12-14 13:31:18,Linkfort_1,138.97.220.58,canva.com,9,OK
2025-12-14 13:31:19,Linkfort_1,138.97.220.58,sei.univesp.br,11,OK
2025-12-14 13:31:19,Linkfort_1,138.97.220.58,bertioga.sp.gov.br,17,OK
2025-12-14 13:31:20,Linkfort_1,138.97.220.58,youtube.com,13,OK
2025-12-14 13:31:21,Linkfort_8,138.97.220.70,google.com,12,OK
2025-12-14 13:31:21,Linkfort_8,138.97.220.70,amazon.com,10,OK
2025-12-14 13:31:22,Linkfort_8,138.97.220.70,facebook.com,12,OK
2025-12-14 13:31:23,Linkfort_8,138.97.220.70,uol.com.br,13,OK
2025-12-14 13:31:23,Linkfort_8,138.97.220.70,netflix.com,10,OK
2025-12-14 13:31:24,Linkfort_8,138.97.220.70,chatgpt.com,12,OK
2025-12-14 13:31:25,Linkfort_8,138.97.220.70,gemini.google.com,15,OK
2025-12-14 13:31:25,Linkfort_8,138.97.220.70,canva.com,13,OK
2025-12-14 13:31:26,Linkfort_8,138.97.220.70,sei.univesp.br,14,OK
2025-12-14 13:31:26,Linkfort_8,138.97.220.70,bertioga.sp.gov.br,18,OK
2025-12-14 13:31:27,Linkfort_8,138.97.220.70,youtube.com,12,OK
2025-12-14 13:31:28,Cloudflare_Sec,1.0.0.1,google.com,12,OK
2025-12-14 13:31:28,Cloudflare_Sec,1.0.0.1,amazon.com,18,OK
2025-12-14 13:31:29,Cloudflare_Sec,1.0.0.1,facebook.com,10,OK
2025-12-14 13:31:29,Cloudflare_Sec,1.0.0.1,uol.com.br,4,OK
2025-12-14 13:31:30,Cloudflare_Sec,1.0.0.1,netflix.com,10,OK
2025-12-14 13:31:30,Cloudflare_Sec,1.0.0.1,chatgpt.com,10,OK
2025-12-14 13:31:31,Cloudflare_Sec,1.0.0.1,gemini.google.com,10,OK
2025-12-14 13:31:32,Cloudflare_Sec,1.0.0.1,canva.com,11,OK
2025-12-14 13:31:32,Cloudflare_Sec,1.0.0.1,sei.univesp.br,9,OK
2025-12-14 13:31:33,Cloudflare_Sec,1.0.0.1,bertioga.sp.gov.br,16,OK
2025-12-14 13:31:34,Cloudflare_Sec,1.0.0.1,youtube.com,11,OK
2025-12-14 13:33:09,Google_Sec,8.8.4.4,google.com,16,OK
2025-12-14 13:33:10,Google_Sec,8.8.4.4,amazon.com,11,OK
2025-12-14 13:33:10,Google_Sec,8.8.4.4,facebook.com,11,OK
2025-12-14 13:33:11,Google_Sec,8.8.4.4,uol.com.br,15,OK
2025-12-14 13:33:12,Google_Sec,8.8.4.4,netflix.com,11,OK
2025-12-14 13:33:12,Google_Sec,8.8.4.4,chatgpt.com,11,OK
2025-12-14 13:33:13,Google_Sec,8.8.4.4,gemini.google.com,8,OK
2025-12-14 13:33:14,Google_Sec,8.8.4.4,canva.com,14,OK
2025-12-14 13:33:14,Google_Sec,8.8.4.4,sei.univesp.br,11,OK
2025-12-14 13:33:15,Google_Sec,8.8.4.4,bertioga.sp.gov.br,8,OK
2025-12-14 13:33:15,Google_Sec,8.8.4.4,youtube.com,9,OK
2025-12-14 13:33:16,Cloudflare_Pri,1.1.1.1,google.com,10,OK
2025-12-14 13:33:16,Cloudflare_Pri,1.1.1.1,amazon.com,17,OK
2025-12-14 13:33:17,Cloudflare_Pri,1.1.1.1,facebook.com,20,OK
2025-12-14 13:33:18,Cloudflare_Pri,1.1.1.1,uol.com.br,23,OK
2025-12-14 13:33:18,Cloudflare_Pri,1.1.1.1,netflix.com,9,OK
2025-12-14 13:33:19,Cloudflare_Pri,1.1.1.1,chatgpt.com,10,OK
2025-12-14 13:33:19,Cloudflare_Pri,1.1.1.1,gemini.google.com,11,OK
2025-12-14 13:33:20,Cloudflare_Pri,1.1.1.1,canva.com,17,OK
2025-12-14 13:33:21,Cloudflare_Pri,1.1.1.1,sei.univesp.br,12,OK
2025-12-14 13:33:22,Cloudflare_Pri,1.1.1.1,bertioga.sp.gov.br,12,OK
2025-12-14 13:33:22,Cloudflare_Pri,1.1.1.1,youtube.com,16,OK
2025-12-14 13:33:23,Linkfort_7,138.97.220.69,google.com,12,OK
2025-12-14 13:33:23,Linkfort_7,138.97.220.69,amazon.com,10,OK
2025-12-14 13:33:24,Linkfort_7,138.97.220.69,facebook.com,8,OK
2025-12-14 13:33:25,Linkfort_7,138.97.220.69,uol.com.br,19,OK
2025-12-14 13:33:25,Linkfort_7,138.97.220.69,netflix.com,13,OK
2025-12-14 13:33:26,Linkfort_7,138.97.220.69,chatgpt.com,14,OK
2025-12-14 13:33:26,Linkfort_7,138.97.220.69,gemini.google.com,13,OK
2025-12-14 13:33:27,Linkfort_7,138.97.220.69,canva.com,11,OK
2025-12-14 13:33:27,Linkfort_7,138.97.220.69,sei.univesp.br,10,OK
2025-12-14 13:33:28,Linkfort_7,138.97.220.69,bertioga.sp.gov.br,12,OK
2025-12-14 13:33:29,Linkfort_7,138.97.220.69,youtube.com,18,OK
2025-12-14 13:33:29,Linkfort_6,138.97.220.66,google.com,12,OK
2025-12-14 13:33:30,Linkfort_6,138.97.220.66,amazon.com,10,OK
2025-12-14 13:33:30,Linkfort_6,138.97.220.66,facebook.com,11,OK
2025-12-14 13:33:31,Linkfort_6,138.97.220.66,uol.com.br,16,OK
2025-12-14 13:33:32,Linkfort_6,138.97.220.66,netflix.com,12,OK
2025-12-14 13:33:32,Linkfort_6,138.97.220.66,chatgpt.com,10,OK
2025-12-14 13:33:33,Linkfort_6,138.97.220.66,gemini.google.com,11,OK
2025-12-14 13:33:33,Linkfort_6,138.97.220.66,canva.com,16,OK
2025-12-14 13:33:34,Linkfort_6,138.97.220.66,sei.univesp.br,12,OK
2025-12-14 13:33:35,Linkfort_6,138.97.220.66,bertioga.sp.gov.br,13,OK
2025-12-14 13:33:35,Linkfort_6,138.97.220.66,youtube.com,10,OK
2025-12-14 13:33:36,Linkfort_5,138.97.220.65,google.com,9,OK
2025-12-14 13:33:36,Linkfort_5,138.97.220.65,amazon.com,11,OK
2025-12-14 13:33:37,Linkfort_5,138.97.220.65,facebook.com,11,OK
2025-12-14 13:33:37,Linkfort_5,138.97.220.65,uol.com.br,11,OK
2025-12-14 13:33:38,Linkfort_5,138.97.220.65,netflix.com,10,OK
2025-12-14 13:33:39,Linkfort_5,138.97.220.65,chatgpt.com,12,OK
2025-12-14 13:33:39,Linkfort_5,138.97.220.65,gemini.google.com,10,OK
2025-12-14 13:33:40,Linkfort_5,138.97.220.65,canva.com,13,OK
2025-12-14 13:33:40,Linkfort_5,138.97.220.65,sei.univesp.br,10,OK
2025-12-14 13:33:41,Linkfort_5,138.97.220.65,bertioga.sp.gov.br,9,OK
2025-12-14 13:33:41,Linkfort_5,138.97.220.65,youtube.com,12,OK
2025-12-14 13:33:42,Linkfort_2,138.97.220.62,google.com,12,OK
2025-12-14 13:33:43,Linkfort_2,138.97.220.62,amazon.com,11,OK
2025-12-14 13:33:43,Linkfort_2,138.97.220.62,facebook.com,12,OK
2025-12-14 13:33:44,Linkfort_2,138.97.220.62,uol.com.br,11,OK
2025-12-14 13:33:44,Linkfort_2,138.97.220.62,netflix.com,12,OK
2025-12-14 13:33:45,Linkfort_2,138.97.220.62,chatgpt.com,14,OK
2025-12-14 13:33:45,Linkfort_2,138.97.220.62,gemini.google.com,8,OK
2025-12-14 13:33:46,Linkfort_2,138.97.220.62,canva.com,12,OK
2025-12-14 13:33:47,Linkfort_2,138.97.220.62,sei.univesp.br,11,OK
2025-12-14 13:33:47,Linkfort_2,138.97.220.62,bertioga.sp.gov.br,10,OK
2025-12-14 13:33:48,Linkfort_2,138.97.220.62,youtube.com,12,OK
2025-12-14 13:33:48,Linkfort_4,138.97.220.60,google.com,12,OK
2025-12-14 13:33:49,Linkfort_4,138.97.220.60,amazon.com,10,OK
2025-12-14 13:33:49,Linkfort_4,138.97.220.60,facebook.com,9,OK
2025-12-14 13:33:50,Linkfort_4,138.97.220.60,uol.com.br,15,OK
2025-12-14 13:33:51,Linkfort_4,138.97.220.60,netflix.com,7,OK
2025-12-14 13:33:51,Linkfort_4,138.97.220.60,chatgpt.com,9,OK
2025-12-14 13:33:52,Linkfort_4,138.97.220.60,gemini.google.com,10,OK
2025-12-14 13:33:52,Linkfort_4,138.97.220.60,canva.com,12,OK
2025-12-14 13:33:53,Linkfort_4,138.97.220.60,sei.univesp.br,11,OK
2025-12-14 13:33:53,Linkfort_4,138.97.220.60,bertioga.sp.gov.br,10,OK
2025-12-14 13:33:54,Linkfort_4,138.97.220.60,youtube.com,10,OK
2025-12-14 13:33:55,Google_Pri,8.8.8.8,google.com,10,OK
2025-12-14 13:33:55,Google_Pri,8.8.8.8,amazon.com,11,OK
2025-12-14 13:33:56,Google_Pri,8.8.8.8,facebook.com,17,OK
2025-12-14 13:33:56,Google_Pri,8.8.8.8,uol.com.br,11,OK
2025-12-14 13:33:57,Google_Pri,8.8.8.8,netflix.com,13,OK
2025-12-14 13:33:58,Google_Pri,8.8.8.8,chatgpt.com,11,OK
2025-12-14 13:33:58,Google_Pri,8.8.8.8,gemini.google.com,10,OK
2025-12-14 13:33:59,Google_Pri,8.8.8.8,canva.com,12,OK
2025-12-14 13:33:59,Google_Pri,8.8.8.8,sei.univesp.br,10,OK
2025-12-14 13:34:00,Google_Pri,8.8.8.8,bertioga.sp.gov.br,11,OK
2025-12-14 13:34:00,Google_Pri,8.8.8.8,youtube.com,10,OK
2025-12-14 13:34:01,Linkfort_3,138.97.220.57,google.com,10,OK
2025-12-14 13:34:02,Linkfort_3,138.97.220.57,amazon.com,13,OK
2025-12-14 13:34:02,Linkfort_3,138.97.220.57,facebook.com,12,OK
2025-12-14 13:34:03,Linkfort_3,138.97.220.57,uol.com.br,12,OK
2025-12-14 13:34:03,Linkfort_3,138.97.220.57,netflix.com,10,OK
2025-12-14 13:34:04,Linkfort_3,138.97.220.57,chatgpt.com,12,OK
2025-12-14 13:34:04,Linkfort_3,138.97.220.57,gemini.google.com,12,OK
2025-12-14 13:34:05,Linkfort_3,138.97.220.57,canva.com,14,OK
2025-12-14 13:34:06,Linkfort_3,138.97.220.57,sei.univesp.br,10,OK
2025-12-14 13:34:06,Linkfort_3,138.97.220.57,bertioga.sp.gov.br,13,OK
2025-12-14 13:34:07,Linkfort_3,138.97.220.57,youtube.com,12,OK
2025-12-14 13:34:07,Linkfort_1,138.97.220.58,google.com,12,OK
2025-12-14 13:34:08,Linkfort_1,138.97.220.58,amazon.com,11,OK
2025-12-14 13:34:09,Linkfort_1,138.97.220.58,facebook.com,9,OK
2025-12-14 13:34:09,Linkfort_1,138.97.220.58,uol.com.br,10,OK
2025-12-14 13:34:10,Linkfort_1,138.97.220.58,netflix.com,12,OK
2025-12-14 13:34:10,Linkfort_1,138.97.220.58,chatgpt.com,11,OK
2025-12-14 13:34:11,Linkfort_1,138.97.220.58,gemini.google.com,12,OK
2025-12-14 13:34:11,Linkfort_1,138.97.220.58,canva.com,10,OK
2025-12-14 13:34:12,Linkfort_1,138.97.220.58,sei.univesp.br,21,OK
2025-12-14 13:34:13,Linkfort_1,138.97.220.58,bertioga.sp.gov.br,7,OK
2025-12-14 13:34:13,Linkfort_1,138.97.220.58,youtube.com,13,OK
2025-12-14 13:34:14,Linkfort_8,138.97.220.70,google.com,10,OK
2025-12-14 13:34:14,Linkfort_8,138.97.220.70,amazon.com,11,OK
2025-12-14 13:34:15,Linkfort_8,138.97.220.70,facebook.com,10,OK
2025-12-14 13:34:16,Linkfort_8,138.97.220.70,uol.com.br,10,OK
2025-12-14 13:34:16,Linkfort_8,138.97.220.70,netflix.com,8,OK
2025-12-14 13:34:17,Linkfort_8,138.97.220.70,chatgpt.com,12,OK
2025-12-14 13:34:17,Linkfort_8,138.97.220.70,gemini.google.com,10,OK
2025-12-14 13:34:18,Linkfort_8,138.97.220.70,canva.com,13,OK
2025-12-14 13:34:18,Linkfort_8,138.97.220.70,sei.univesp.br,13,OK
2025-12-14 13:34:19,Linkfort_8,138.97.220.70,bertioga.sp.gov.br,13,OK
2025-12-14 13:34:20,Linkfort_8,138.97.220.70,youtube.com,58,OK
2025-12-14 13:34:20,Cloudflare_Sec,1.0.0.1,google.com,11,OK
2025-12-14 13:34:21,Cloudflare_Sec,1.0.0.1,amazon.com,10,OK
2025-12-14 13:34:22,Cloudflare_Sec,1.0.0.1,facebook.com,10,OK
2025-12-14 13:34:22,Cloudflare_Sec,1.0.0.1,uol.com.br,11,OK
2025-12-14 13:34:23,Cloudflare_Sec,1.0.0.1,netflix.com,15,OK
2025-12-14 13:34:23,Cloudflare_Sec,1.0.0.1,chatgpt.com,9,OK
2025-12-14 13:34:24,Cloudflare_Sec,1.0.0.1,gemini.google.com,11,OK
2025-12-14 13:34:25,Cloudflare_Sec,1.0.0.1,canva.com,13,OK
2025-12-14 13:34:25,Cloudflare_Sec,1.0.0.1,sei.univesp.br,8,OK
2025-12-14 13:34:26,Cloudflare_Sec,1.0.0.1,bertioga.sp.gov.br,15,OK
2025-12-14 13:34:27,Cloudflare_Sec,1.0.0.1,youtube.com,18,OK
2025-12-14 13:34:32,Google_Sec,8.8.4.4,google.com,19,OK
2025-12-14 13:34:33,Google_Sec,8.8.4.4,amazon.com,10,OK
2025-12-14 13:34:33,Google_Sec,8.8.4.4,facebook.com,12,OK
2025-12-14 13:34:34,Google_Sec,8.8.4.4,uol.com.br,8,OK
2025-12-14 13:34:35,Google_Sec,8.8.4.4,netflix.com,9,OK
2025-12-14 13:34:35,Google_Sec,8.8.4.4,chatgpt.com,10,OK
2025-12-14 13:34:36,Google_Sec,8.8.4.4,gemini.google.com,12,OK
2025-12-14 13:34:36,Google_Sec,8.8.4.4,canva.com,10,OK
2025-12-14 13:34:37,Google_Sec,8.8.4.4,sei.univesp.br,10,OK
2025-12-14 13:34:38,Google_Sec,8.8.4.4,bertioga.sp.gov.br,10,OK
2025-12-14 13:34:38,Google_Sec,8.8.4.4,youtube.com,10,OK
2025-12-14 13:34:39,Cloudflare_Pri,1.1.1.1,google.com,10,OK
2025-12-14 13:34:39,Cloudflare_Pri,1.1.1.1,amazon.com,9,OK
2025-12-14 13:34:40,Cloudflare_Pri,1.1.1.1,facebook.com,10,OK
2025-12-14 13:34:40,Cloudflare_Pri,1.1.1.1,uol.com.br,14,OK
2025-12-14 13:34:41,Cloudflare_Pri,1.1.1.1,netflix.com,10,OK
2025-12-14 13:34:42,Cloudflare_Pri,1.1.1.1,chatgpt.com,11,OK
2025-12-14 13:34:42,Cloudflare_Pri,1.1.1.1,gemini.google.com,8,OK
2025-12-14 13:34:43,Cloudflare_Pri,1.1.1.1,canva.com,10,OK
2025-12-14 13:34:44,Cloudflare_Pri,1.1.1.1,sei.univesp.br,9,OK
2025-12-14 13:34:44,Cloudflare_Pri,1.1.1.1,bertioga.sp.gov.br,10,OK
2025-12-14 13:34:45,Cloudflare_Pri,1.1.1.1,youtube.com,10,OK
2025-12-14 13:34:45,Linkfort_7,138.97.220.69,google.com,10,OK
2025-12-14 13:34:46,Linkfort_7,138.97.220.69,amazon.com,14,OK
2025-12-14 13:34:47,Linkfort_7,138.97.220.69,facebook.com,9,OK
2025-12-14 13:34:47,Linkfort_7,138.97.220.69,uol.com.br,11,OK
2025-12-14 13:34:48,Linkfort_7,138.97.220.69,netflix.com,10,OK
2025-12-14 13:34:48,Linkfort_7,138.97.220.69,chatgpt.com,10,OK
2025-12-14 13:34:49,Linkfort_7,138.97.220.69,gemini.google.com,14,OK
2025-12-14 13:34:50,Linkfort_7,138.97.220.69,canva.com,12,OK
2025-12-14 13:34:50,Linkfort_7,138.97.220.69,sei.univesp.br,9,OK
2025-12-14 13:34:51,Linkfort_7,138.97.220.69,bertioga.sp.gov.br,12,OK
2025-12-14 13:34:52,Linkfort_7,138.97.220.69,youtube.com,8,OK
2025-12-14 13:34:52,Linkfort_6,138.97.220.66,google.com,17,OK
2025-12-14 13:34:53,Linkfort_6,138.97.220.66,amazon.com,9,OK
2025-12-14 13:34:53,Linkfort_6,138.97.220.66,facebook.com,11,OK
2025-12-14 13:34:54,Linkfort_6,138.97.220.66,uol.com.br,17,OK
2025-12-14 13:34:55,Linkfort_6,138.97.220.66,netflix.com,12,OK
2025-12-14 13:34:55,Linkfort_6,138.97.220.66,chatgpt.com,16,OK
2025-12-14 13:34:56,Linkfort_6,138.97.220.66,gemini.google.com,7,OK
2025-12-14 13:34:57,Linkfort_6,138.97.220.66,canva.com,8,OK
2025-12-14 13:34:57,Linkfort_6,138.97.220.66,sei.univesp.br,9,OK
2025-12-14 13:34:58,Linkfort_6,138.97.220.66,bertioga.sp.gov.br,12,OK
2025-12-14 13:34:59,Linkfort_6,138.97.220.66,youtube.com,13,OK
2025-12-14 13:34:59,Linkfort_5,138.97.220.65,google.com,12,OK
2025-12-14 13:35:00,Linkfort_5,138.97.220.65,amazon.com,17,OK
2025-12-14 13:35:01,Linkfort_5,138.97.220.65,facebook.com,14,OK
2025-12-14 13:35:01,Linkfort_5,138.97.220.65,uol.com.br,11,OK
2025-12-14 13:35:02,Linkfort_5,138.97.220.65,netflix.com,14,OK
2025-12-14 13:35:02,Linkfort_5,138.97.220.65,chatgpt.com,13,OK
2025-12-14 13:35:03,Linkfort_5,138.97.220.65,gemini.google.com,14,OK
2025-12-14 13:35:04,Linkfort_5,138.97.220.65,canva.com,11,OK
2025-12-14 13:35:04,Linkfort_5,138.97.220.65,sei.univesp.br,9,OK
2025-12-14 13:35:05,Linkfort_5,138.97.220.65,bertioga.sp.gov.br,12,OK
2025-12-14 13:35:06,Linkfort_5,138.97.220.65,youtube.com,13,OK
2025-12-14 13:35:06,Linkfort_2,138.97.220.62,google.com,9,OK
2025-12-14 13:35:07,Linkfort_2,138.97.220.62,amazon.com,9,OK
2025-12-14 13:35:07,Linkfort_2,138.97.220.62,facebook.com,13,OK
2025-12-14 13:35:08,Linkfort_2,138.97.220.62,uol.com.br,10,OK
2025-12-14 13:35:08,Linkfort_2,138.97.220.62,netflix.com,13,OK
2025-12-14 13:35:09,Linkfort_2,138.97.220.62,chatgpt.com,13,OK
2025-12-14 13:35:10,Linkfort_2,138.97.220.62,gemini.google.com,14,OK
2025-12-14 13:35:10,Linkfort_2,138.97.220.62,canva.com,17,OK
2025-12-14 13:35:11,Linkfort_2,138.97.220.62,sei.univesp.br,15,OK
2025-12-14 13:35:12,Linkfort_2,138.97.220.62,bertioga.sp.gov.br,10,OK
2025-12-14 13:35:12,Linkfort_2,138.97.220.62,youtube.com,15,OK
2025-12-14 13:35:13,Linkfort_4,138.97.220.60,google.com,11,OK
2025-12-14 13:35:14,Linkfort_4,138.97.220.60,amazon.com,8,OK
2025-12-14 13:35:14,Linkfort_4,138.97.220.60,facebook.com,11,OK
2025-12-14 13:35:15,Linkfort_4,138.97.220.60,uol.com.br,18,OK
2025-12-14 13:35:16,Linkfort_4,138.97.220.60,netflix.com,238,OK
2025-12-14 13:35:16,Linkfort_4,138.97.220.60,chatgpt.com,38,OK
2025-12-14 13:35:17,Linkfort_4,138.97.220.60,gemini.google.com,11,OK
2025-12-14 13:35:18,Linkfort_4,138.97.220.60,canva.com,10,OK
2025-12-14 13:35:18,Linkfort_4,138.97.220.60,sei.univesp.br,13,OK
2025-12-14 13:35:19,Linkfort_4,138.97.220.60,bertioga.sp.gov.br,38,OK
2025-12-14 13:35:19,Linkfort_4,138.97.220.60,youtube.com,11,OK
2025-12-14 13:35:20,Google_Pri,8.8.8.8,google.com,17,OK
2025-12-14 13:35:21,Google_Pri,8.8.8.8,amazon.com,18,OK
2025-12-14 13:35:21,Google_Pri,8.8.8.8,facebook.com,23,OK
2025-12-14 13:35:22,Google_Pri,8.8.8.8,uol.com.br,17,OK
2025-12-14 13:35:23,Google_Pri,8.8.8.8,netflix.com,17,OK
2025-12-14 13:35:23,Google_Pri,8.8.8.8,chatgpt.com,17,OK
2025-12-14 13:35:24,Google_Pri,8.8.8.8,gemini.google.com,245,OK
2025-12-14 13:35:25,Google_Pri,8.8.8.8,canva.com,98,OK
2025-12-14 13:35:26,Google_Pri,8.8.8.8,sei.univesp.br,29,OK
2025-12-14 13:35:26,Google_Pri,8.8.8.8,bertioga.sp.gov.br,11,OK
2025-12-14 13:35:27,Google_Pri,8.8.8.8,youtube.com,12,OK
2025-12-14 13:35:27,Linkfort_3,138.97.220.57,google.com,15,OK
2025-12-14 13:35:28,Linkfort_3,138.97.220.57,amazon.com,11,OK
2025-12-14 13:35:29,Linkfort_3,138.97.220.57,facebook.com,12,OK
2025-12-14 13:35:29,Linkfort_3,138.97.220.57,uol.com.br,7,OK
2025-12-14 13:35:30,Linkfort_3,138.97.220.57,netflix.com,26,OK
2025-12-14 13:35:30,Linkfort_3,138.97.220.57,chatgpt.com,10,OK
2025-12-14 13:35:31,Linkfort_3,138.97.220.57,gemini.google.com,16,OK
2025-12-14 13:35:32,Linkfort_3,138.97.220.57,canva.com,11,OK
2025-12-14 13:35:32,Linkfort_3,138.97.220.57,sei.univesp.br,11,OK
2025-12-14 13:35:33,Linkfort_3,138.97.220.57,bertioga.sp.gov.br,10,OK
2025-12-14 13:35:33,Linkfort_3,138.97.220.57,youtube.com,10,OK
2025-12-14 13:35:34,Linkfort_1,138.97.220.58,google.com,12,OK
2025-12-14 13:35:35,Linkfort_1,138.97.220.58,amazon.com,10,OK
2025-12-14 13:35:35,Linkfort_1,138.97.220.58,facebook.com,12,OK
2025-12-14 13:35:36,Linkfort_1,138.97.220.58,uol.com.br,10,OK
2025-12-14 13:35:36,Linkfort_1,138.97.220.58,netflix.com,12,OK
2025-12-14 13:35:37,Linkfort_1,138.97.220.58,chatgpt.com,7,OK
2025-12-14 13:35:38,Linkfort_1,138.97.220.58,gemini.google.com,11,OK
2025-12-14 13:35:38,Linkfort_1,138.97.220.58,canva.com,11,OK
2025-12-14 13:35:39,Linkfort_1,138.97.220.58,sei.univesp.br,18,OK
2025-12-14 13:35:39,Linkfort_1,138.97.220.58,bertioga.sp.gov.br,11,OK
2025-12-14 13:35:40,Linkfort_1,138.97.220.58,youtube.com,11,OK
2025-12-14 13:35:41,Linkfort_8,138.97.220.70,google.com,13,OK
2025-12-14 13:35:42,Linkfort_8,138.97.220.70,amazon.com,14,OK
2025-12-14 13:35:42,Linkfort_8,138.97.220.70,facebook.com,19,OK
2025-12-14 13:35:43,Linkfort_8,138.97.220.70,uol.com.br,13,OK
2025-12-14 13:35:44,Linkfort_8,138.97.220.70,netflix.com,14,OK
2025-12-14 13:35:44,Linkfort_8,138.97.220.70,chatgpt.com,11,OK
2025-12-14 13:35:45,Linkfort_8,138.97.220.70,gemini.google.com,11,OK
2025-12-14 13:35:46,Linkfort_8,138.97.220.70,canva.com,19,OK
2025-12-14 13:35:47,Linkfort_8,138.97.220.70,sei.univesp.br,14,OK
2025-12-14 13:35:47,Linkfort_8,138.97.220.70,bertioga.sp.gov.br,8,OK
2025-12-14 13:35:48,Linkfort_8,138.97.220.70,youtube.com,11,OK
2025-12-14 13:35:49,Cloudflare_Sec,1.0.0.1,google.com,19,OK
2025-12-14 13:35:50,Cloudflare_Sec,1.0.0.1,amazon.com,21,OK
2025-12-14 13:35:50,Cloudflare_Sec,1.0.0.1,facebook.com,34,OK
2025-12-14 13:35:51,Cloudflare_Sec,1.0.0.1,uol.com.br,9,OK
2025-12-14 13:35:52,Cloudflare_Sec,1.0.0.1,netflix.com,17,OK
2025-12-14 13:35:53,Cloudflare_Sec,1.0.0.1,chatgpt.com,16,OK
2025-12-14 13:35:53,Cloudflare_Sec,1.0.0.1,gemini.google.com,12,OK
2025-12-14 13:35:54,Cloudflare_Sec,1.0.0.1,canva.com,10,OK
2025-12-14 13:35:55,Cloudflare_Sec,1.0.0.1,sei.univesp.br,29,OK
2025-12-14 13:35:55,Cloudflare_Sec,1.0.0.1,bertioga.sp.gov.br,10,OK
2025-12-14 13:35:56,Cloudflare_Sec,1.0.0.1,youtube.com,11,OK
2025-12-14 13:36:02,Google_Sec,8.8.4.4,google.com,15,OK
2025-12-14 13:36:02,Google_Sec,8.8.4.4,amazon.com,12,OK
2025-12-14 13:36:03,Google_Sec,8.8.4.4,facebook.com,14,OK
2025-12-14 13:36:04,Google_Sec,8.8.4.4,uol.com.br,12,OK
2025-12-14 13:36:04,Google_Sec,8.8.4.4,netflix.com,13,OK
2025-12-14 13:36:05,Google_Sec,8.8.4.4,chatgpt.com,12,OK
2025-12-14 13:36:06,Google_Sec,8.8.4.4,gemini.google.com,12,OK
2025-12-14 13:36:06,Google_Sec,8.8.4.4,canva.com,10,OK
2025-12-14 13:36:07,Google_Sec,8.8.4.4,sei.univesp.br,12,OK
2025-12-14 13:36:08,Google_Sec,8.8.4.4,bertioga.sp.gov.br,12,OK
2025-12-14 13:36:08,Google_Sec,8.8.4.4,youtube.com,5,OK
2025-12-14 13:36:09,Cloudflare_Pri,1.1.1.1,google.com,11,OK
2025-12-14 13:36:09,Cloudflare_Pri,1.1.1.1,amazon.com,10,OK
2025-12-14 13:36:10,Cloudflare_Pri,1.1.1.1,facebook.com,11,OK
2025-12-14 13:36:11,Cloudflare_Pri,1.1.1.1,uol.com.br,10,OK
2025-12-14 13:36:11,Cloudflare_Pri,1.1.1.1,netflix.com,11,OK
2025-12-14 13:36:12,Cloudflare_Pri,1.1.1.1,chatgpt.com,13,OK
2025-12-14 13:36:13,Cloudflare_Pri,1.1.1.1,gemini.google.com,11,OK
2025-12-14 13:36:13,Cloudflare_Pri,1.1.1.1,canva.com,13,OK
2025-12-14 13:36:14,Cloudflare_Pri,1.1.1.1,sei.univesp.br,24,OK
2025-12-14 13:36:15,Cloudflare_Pri,1.1.1.1,bertioga.sp.gov.br,10,OK
2025-12-14 13:36:15,Cloudflare_Pri,1.1.1.1,youtube.com,9,OK
2025-12-14 13:36:16,Linkfort_7,138.97.220.69,google.com,12,OK
2025-12-14 13:36:16,Linkfort_7,138.97.220.69,amazon.com,8,OK
2025-12-14 14:01:40,Google_Sec,8.8.4.4,google.com,11,OK
2025-12-14 14:01:41,Google_Sec,8.8.4.4,amazon.com,27,OK
2025-12-14 14:01:41,Google_Sec,8.8.4.4,facebook.com,18,OK
2025-12-14 14:01:42,Google_Sec,8.8.4.4,uol.com.br,12,OK
2025-12-14 14:01:43,Google_Sec,8.8.4.4,netflix.com,12,OK
2025-12-14 14:01:43,Google_Sec,8.8.4.4,chatgpt.com,8,OK
2025-12-14 14:01:44,Google_Sec,8.8.4.4,gemini.google.com,9,OK
2025-12-14 14:01:44,Google_Sec,8.8.4.4,canva.com,14,OK
2025-12-14 14:01:45,Google_Sec,8.8.4.4,sei.univesp.br,13,OK
2025-12-14 14:01:46,Google_Sec,8.8.4.4,bertioga.sp.gov.br,17,OK
2025-12-14 14:01:46,Google_Sec,8.8.4.4,youtube.com,18,OK
2025-12-14 14:01:47,Cloudflare_Pri,1.1.1.1,google.com,16,OK
2025-12-14 14:01:47,Cloudflare_Pri,1.1.1.1,amazon.com,10,OK
2025-12-14 14:01:48,Cloudflare_Pri,1.1.1.1,facebook.com,13,OK
2025-12-14 14:01:49,Cloudflare_Pri,1.1.1.1,uol.com.br,14,OK
2025-12-14 14:01:49,Cloudflare_Pri,1.1.1.1,netflix.com,11,OK
2025-12-14 14:01:50,Cloudflare_Pri,1.1.1.1,chatgpt.com,16,OK
2025-12-14 14:01:51,Cloudflare_Pri,1.1.1.1,gemini.google.com,15,OK
2025-12-14 14:01:51,Cloudflare_Pri,1.1.1.1,canva.com,12,OK
2025-12-14 14:01:52,Cloudflare_Pri,1.1.1.1,sei.univesp.br,12,OK
2025-12-14 14:01:53,Cloudflare_Pri,1.1.1.1,bertioga.sp.gov.br,11,OK
2025-12-14 14:01:53,Cloudflare_Pri,1.1.1.1,youtube.com,53,OK
2025-12-14 14:01:54,Linkfort_7,138.97.220.69,google.com,20,OK
2025-12-14 14:01:54,Linkfort_7,138.97.220.69,amazon.com,23,OK
2025-12-14 14:01:55,Linkfort_7,138.97.220.69,facebook.com,10,OK
2025-12-14 14:01:56,Linkfort_7,138.97.220.69,uol.com.br,10,OK
2025-12-14 14:01:56,Linkfort_7,138.97.220.69,netflix.com,16,OK
2025-12-14 14:01:57,Linkfort_7,138.97.220.69,chatgpt.com,10,OK
2025-12-14 14:01:57,Linkfort_7,138.97.220.69,gemini.google.com,13,OK
2025-12-14 14:01:58,Linkfort_7,138.97.220.69,canva.com,11,OK
2025-12-14 14:01:59,Linkfort_7,138.97.220.69,sei.univesp.br,37,OK
2025-12-14 14:01:59,Linkfort_7,138.97.220.69,bertioga.sp.gov.br,10,OK
2025-12-14 14:02:00,Linkfort_7,138.97.220.69,youtube.com,12,OK
2025-12-14 14:02:00,Linkfort_6,138.97.220.66,google.com,17,OK
2025-12-14 14:02:01,Linkfort_6,138.97.220.66,amazon.com,30,OK
2025-12-14 14:02:02,Linkfort_6,138.97.220.66,facebook.com,14,OK
2025-12-14 14:02:02,Linkfort_6,138.97.220.66,uol.com.br,13,OK
2025-12-14 14:02:03,Linkfort_6,138.97.220.66,netflix.com,16,OK
2025-12-14 14:02:04,Linkfort_6,138.97.220.66,chatgpt.com,28,OK
2025-12-14 14:02:04,Linkfort_6,138.97.220.66,gemini.google.com,16,OK
2025-12-14 14:02:05,Linkfort_6,138.97.220.66,canva.com,12,OK
2025-12-14 14:02:06,Linkfort_6,138.97.220.66,sei.univesp.br,17,OK
2025-12-14 14:02:06,Linkfort_6,138.97.220.66,bertioga.sp.gov.br,30,OK
2025-12-14 14:02:07,Linkfort_6,138.97.220.66,youtube.com,12,OK
2025-12-14 14:02:07,Linkfort_5,138.97.220.65,google.com,10,OK
2025-12-14 14:02:08,Linkfort_5,138.97.220.65,amazon.com,9,OK
2025-12-14 14:02:09,Linkfort_5,138.97.220.65,facebook.com,15,OK
2025-12-14 14:02:09,Linkfort_5,138.97.220.65,uol.com.br,13,OK
2025-12-14 14:02:10,Linkfort_5,138.97.220.65,netflix.com,17,OK
2025-12-14 14:02:11,Linkfort_5,138.97.220.65,chatgpt.com,17,OK
2025-12-14 14:02:11,Linkfort_5,138.97.220.65,gemini.google.com,13,OK
2025-12-14 14:02:12,Linkfort_5,138.97.220.65,canva.com,17,OK
2025-12-14 14:02:13,Linkfort_5,138.97.220.65,sei.univesp.br,10,OK
2025-12-14 14:02:13,Linkfort_5,138.97.220.65,bertioga.sp.gov.br,20,OK
2025-12-14 14:02:14,Linkfort_5,138.97.220.65,youtube.com,14,OK
2025-12-14 14:02:15,Linkfort_2,138.97.220.62,google.com,11,OK
2025-12-14 14:02:15,Linkfort_2,138.97.220.62,amazon.com,13,OK
2025-12-14 14:02:16,Linkfort_2,138.97.220.62,facebook.com,17,OK
2025-12-14 14:02:16,Linkfort_2,138.97.220.62,uol.com.br,24,OK
2025-12-14 14:02:17,Linkfort_2,138.97.220.62,netflix.com,21,OK
2025-12-14 14:02:18,Linkfort_2,138.97.220.62,chatgpt.com,13,OK
2025-12-14 14:02:18,Linkfort_2,138.97.220.62,gemini.google.com,18,OK
2025-12-14 14:02:19,Linkfort_2,138.97.220.62,canva.com,12,OK
2025-12-14 14:02:19,Linkfort_2,138.97.220.62,sei.univesp.br,15,OK
2025-12-14 14:02:20,Linkfort_2,138.97.220.62,bertioga.sp.gov.br,14,OK
2025-12-14 14:02:21,Linkfort_2,138.97.220.62,youtube.com,22,OK
2025-12-14 14:02:22,Linkfort_4,138.97.220.60,google.com,16,OK
2025-12-14 14:02:22,Linkfort_4,138.97.220.60,amazon.com,21,OK
2025-12-14 14:02:23,Linkfort_4,138.97.220.60,facebook.com,12,OK
2025-12-14 14:02:24,Linkfort_4,138.97.220.60,uol.com.br,14,OK
2025-12-14 14:02:24,Linkfort_4,138.97.220.60,netflix.com,26,OK
2025-12-14 14:02:25,Linkfort_4,138.97.220.60,chatgpt.com,27,OK
2025-12-14 14:02:26,Linkfort_4,138.97.220.60,gemini.google.com,40,OK
2025-12-14 14:02:26,Linkfort_4,138.97.220.60,canva.com,13,OK
2025-12-14 14:02:27,Linkfort_4,138.97.220.60,sei.univesp.br,19,OK
2025-12-14 14:02:28,Linkfort_4,138.97.220.60,bertioga.sp.gov.br,11,OK
2025-12-14 14:02:28,Linkfort_4,138.97.220.60,youtube.com,10,OK
2025-12-14 14:02:29,Google_Pri,8.8.8.8,google.com,27,OK
2025-12-14 14:02:30,Google_Pri,8.8.8.8,amazon.com,14,OK
2025-12-14 14:02:30,Google_Pri,8.8.8.8,facebook.com,15,OK
2025-12-14 14:02:31,Google_Pri,8.8.8.8,uol.com.br,22,OK
2025-12-14 14:02:32,Google_Pri,8.8.8.8,netflix.com,12,OK
2025-12-14 14:02:32,Google_Pri,8.8.8.8,chatgpt.com,10,OK
2025-12-14 14:02:33,Google_Pri,8.8.8.8,gemini.google.com,14,OK
2025-12-14 14:02:34,Google_Pri,8.8.8.8,canva.com,13,OK
2025-12-14 14:02:34,Google_Pri,8.8.8.8,sei.univesp.br,11,OK
2025-12-14 14:02:35,Google_Pri,8.8.8.8,bertioga.sp.gov.br,16,OK
2025-12-14 14:02:35,Google_Pri,8.8.8.8,youtube.com,12,OK
2025-12-14 14:02:36,Linkfort_3,138.97.220.57,google.com,14,OK
2025-12-14 14:02:37,Linkfort_3,138.97.220.57,amazon.com,17,OK
2025-12-14 14:02:37,Linkfort_3,138.97.220.57,facebook.com,35,OK
2025-12-14 14:02:37,Google_Sec,8.8.4.4,google.com,27,OK
2025-12-14 14:02:38,Linkfort_3,138.97.220.57,uol.com.br,13,OK
2025-12-14 14:02:38,Google_Sec,8.8.4.4,amazon.com,12,OK
2025-12-14 14:02:39,Linkfort_3,138.97.220.57,netflix.com,12,OK
2025-12-14 14:02:39,Google_Sec,8.8.4.4,facebook.com,15,OK
2025-12-14 14:02:39,Linkfort_3,138.97.220.57,chatgpt.com,11,OK
2025-12-14 14:02:39,Google_Sec,8.8.4.4,uol.com.br,11,OK
2025-12-14 14:02:40,Google_Sec,8.8.4.4,netflix.com,7,OK
2025-12-14 14:02:40,Linkfort_3,138.97.220.57,gemini.google.com,10,OK
2025-12-14 14:02:41,Google_Sec,8.8.4.4,chatgpt.com,13,OK
2025-12-14 14:02:41,Linkfort_3,138.97.220.57,canva.com,10,OK
2025-12-14 14:02:41,Google_Sec,8.8.4.4,gemini.google.com,15,OK
2025-12-14 14:02:41,Linkfort_3,138.97.220.57,sei.univesp.br,10,OK
2025-12-14 14:02:42,Google_Sec,8.8.4.4,canva.com,11,OK
2025-12-14 14:02:42,Linkfort_3,138.97.220.57,bertioga.sp.gov.br,15,OK
2025-12-14 14:02:42,Google_Sec,8.8.4.4,sei.univesp.br,13,OK
2025-12-14 14:02:42,Linkfort_3,138.97.220.57,youtube.com,16,OK
2025-12-14 14:02:43,Google_Sec,8.8.4.4,bertioga.sp.gov.br,10,OK
2025-12-14 14:02:43,Linkfort_1,138.97.220.58,google.com,8,OK
2025-12-14 14:02:44,Google_Sec,8.8.4.4,youtube.com,10,OK
2025-12-14 14:02:44,Linkfort_1,138.97.220.58,amazon.com,11,OK
2025-12-14 14:02:44,Linkfort_1,138.97.220.58,facebook.com,12,OK
2025-12-14 14:02:44,Cloudflare_Pri,1.1.1.1,google.com,13,OK
2025-12-14 14:02:45,Linkfort_1,138.97.220.58,uol.com.br,10,OK
2025-12-14 14:02:45,Cloudflare_Pri,1.1.1.1,amazon.com,9,OK
2025-12-14 14:02:45,Linkfort_1,138.97.220.58,netflix.com,1605,OK
2025-12-14 14:02:45,Cloudflare_Pri,1.1.1.1,facebook.com,1563,OK
2025-12-14 14:02:48,Cloudflare_Pri,1.1.1.1,uol.com.br,18,OK
2025-12-14 14:02:48,Linkfort_1,138.97.220.58,chatgpt.com,18,OK
2025-12-14 14:02:48,Linkfort_1,138.97.220.58,gemini.google.com,11,OK
2025-12-14 14:02:48,Cloudflare_Pri,1.1.1.1,netflix.com,8,OK
2025-12-14 14:02:49,Linkfort_1,138.97.220.58,canva.com,10,OK
2025-12-14 14:02:49,Cloudflare_Pri,1.1.1.1,chatgpt.com,9,OK
2025-12-14 14:02:49,Cloudflare_Pri,1.1.1.1,gemini.google.com,9,OK
2025-12-14 14:02:49,Linkfort_1,138.97.220.58,sei.univesp.br,11,OK
2025-12-14 14:02:50,Cloudflare_Pri,1.1.1.1,canva.com,9,OK
2025-12-14 14:02:50,Linkfort_1,138.97.220.58,bertioga.sp.gov.br,14,OK
2025-12-14 14:02:51,Cloudflare_Pri,1.1.1.1,sei.univesp.br,10,OK
2025-12-14 14:02:51,Linkfort_1,138.97.220.58,youtube.com,15,OK
2025-12-14 14:02:51,Cloudflare_Pri,1.1.1.1,bertioga.sp.gov.br,11,OK
2025-12-14 14:02:51,Linkfort_8,138.97.220.70,google.com,11,OK
2025-12-14 14:02:52,Linkfort_8,138.97.220.70,amazon.com,11,OK
2025-12-14 14:02:52,Cloudflare_Pri,1.1.1.1,youtube.com,8,OK
2025-12-14 14:02:52,Linkfort_8,138.97.220.70,facebook.com,10,OK
2025-12-14 14:02:52,Linkfort_7,138.97.220.69,google.com,11,OK
2025-12-14 14:02:53,Linkfort_8,138.97.220.70,uol.com.br,10,OK
2025-12-14 14:02:53,Linkfort_7,138.97.220.69,amazon.com,7,OK
2025-12-14 14:02:54,Linkfort_7,138.97.220.69,facebook.com,15,OK
2025-12-14 14:02:53,Linkfort_8,138.97.220.70,netflix.com,15,OK
2025-12-14 14:02:54,Linkfort_7,138.97.220.69,uol.com.br,13,OK
2025-12-14 14:02:54,Linkfort_8,138.97.220.70,chatgpt.com,15,OK
2025-12-14 14:02:55,Linkfort_7,138.97.220.69,netflix.com,11,OK
2025-12-14 14:02:55,Linkfort_8,138.97.220.70,gemini.google.com,15,OK
2025-12-14 14:02:55,Linkfort_7,138.97.220.69,chatgpt.com,11,OK
2025-12-14 14:02:55,Linkfort_8,138.97.220.70,canva.com,25,OK
2025-12-14 14:02:56,Linkfort_7,138.97.220.69,gemini.google.com,11,OK
2025-12-14 14:02:56,Linkfort_8,138.97.220.70,sei.univesp.br,9,OK
2025-12-14 14:02:57,Linkfort_7,138.97.220.69,canva.com,12,OK
2025-12-14 14:02:57,Linkfort_8,138.97.220.70,bertioga.sp.gov.br,11,OK
2025-12-14 14:02:57,Linkfort_7,138.97.220.69,sei.univesp.br,13,OK
2025-12-14 14:02:57,Linkfort_8,138.97.220.70,youtube.com,9,OK
2025-12-14 14:02:58,Linkfort_7,138.97.220.69,bertioga.sp.gov.br,35,OK
2025-12-14 14:02:58,Cloudflare_Sec,1.0.0.1,google.com,20,OK
2025-12-14 14:02:58,Cloudflare_Sec,1.0.0.1,amazon.com,81,OK
2025-12-14 14:02:58,Linkfort_7,138.97.220.69,youtube.com,136,OK
2025-12-14 14:02:59,Cloudflare_Sec,1.0.0.1,facebook.com,24,OK
2025-12-14 14:02:59,Linkfort_6,138.97.220.66,google.com,31,OK
2025-12-14 14:03:00,Linkfort_6,138.97.220.66,amazon.com,14,OK
2025-12-14 14:03:00,Cloudflare_Sec,1.0.0.1,uol.com.br,18,OK
2025-12-14 14:03:00,Linkfort_6,138.97.220.66,facebook.com,13,OK
2025-12-14 14:03:01,Cloudflare_Sec,1.0.0.1,netflix.com,17,OK
2025-12-14 14:03:01,Linkfort_6,138.97.220.66,uol.com.br,11,OK
2025-12-14 14:03:01,Cloudflare_Sec,1.0.0.1,chatgpt.com,10,OK
2025-12-14 14:03:02,Linkfort_6,138.97.220.66,netflix.com,12,OK
2025-12-14 14:03:02,Cloudflare_Sec,1.0.0.1,gemini.google.com,14,OK
2025-12-14 14:03:03,Linkfort_6,138.97.220.66,chatgpt.com,13,OK
2025-12-14 14:03:03,Cloudflare_Sec,1.0.0.1,canva.com,9,OK
2025-12-14 14:03:03,Linkfort_6,138.97.220.66,gemini.google.com,19,OK
2025-12-14 14:03:03,Cloudflare_Sec,1.0.0.1,sei.univesp.br,19,OK
2025-12-14 14:03:04,Linkfort_6,138.97.220.66,canva.com,11,OK
2025-12-14 14:03:04,Cloudflare_Sec,1.0.0.1,bertioga.sp.gov.br,9,OK
2025-12-14 14:03:04,Linkfort_6,138.97.220.66,sei.univesp.br,11,OK
2025-12-14 14:03:05,Cloudflare_Sec,1.0.0.1,youtube.com,16,OK
2025-12-14 14:03:05,Linkfort_6,138.97.220.66,bertioga.sp.gov.br,9,OK
2025-12-14 14:03:06,Linkfort_6,138.97.220.66,youtube.com,12,OK
2025-12-14 14:03:06,Linkfort_5,138.97.220.65,google.com,13,OK
2025-12-14 14:03:07,Linkfort_5,138.97.220.65,amazon.com,17,OK
2025-12-14 14:03:08,Linkfort_5,138.97.220.65,facebook.com,245,OK
2025-12-14 14:03:09,Linkfort_5,138.97.220.65,uol.com.br,13,OK
2025-12-14 14:03:09,Linkfort_5,138.97.220.65,netflix.com,14,OK
2025-12-14 14:03:10,Linkfort_5,138.97.220.65,chatgpt.com,30,OK
2025-12-14 14:03:11,Linkfort_5,138.97.220.65,gemini.google.com,28,OK
2025-12-14 14:03:11,Linkfort_5,138.97.220.65,canva.com,23,OK
2025-12-14 14:03:12,Linkfort_5,138.97.220.65,sei.univesp.br,13,OK
2025-12-14 14:03:13,Linkfort_5,138.97.220.65,bertioga.sp.gov.br,15,OK
2025-12-14 14:03:13,Linkfort_5,138.97.220.65,youtube.com,14,OK
2025-12-14 14:03:14,Linkfort_2,138.97.220.62,google.com,11,OK
2025-12-14 14:03:14,Linkfort_2,138.97.220.62,amazon.com,12,OK
2025-12-14 14:03:15,Linkfort_2,138.97.220.62,facebook.com,11,OK
2025-12-14 14:03:16,Linkfort_2,138.97.220.62,uol.com.br,11,OK
2025-12-14 14:03:16,Linkfort_2,138.97.220.62,netflix.com,17,OK
2025-12-14 14:03:17,Linkfort_2,138.97.220.62,chatgpt.com,12,OK
2025-12-14 14:03:17,Linkfort_2,138.97.220.62,gemini.google.com,12,OK
2025-12-14 14:03:18,Linkfort_2,138.97.220.62,canva.com,10,OK
2025-12-14 14:03:19,Linkfort_2,138.97.220.62,sei.univesp.br,33,OK
2025-12-14 14:03:19,Linkfort_2,138.97.220.62,bertioga.sp.gov.br,33,OK
2025-12-14 14:03:20,Linkfort_2,138.97.220.62,youtube.com,25,OK
2025-12-14 14:03:20,Linkfort_4,138.97.220.60,google.com,41,OK
2025-12-14 14:03:21,Linkfort_4,138.97.220.60,amazon.com,13,OK
2025-12-14 14:03:22,Linkfort_4,138.97.220.60,facebook.com,10,OK
2025-12-14 14:04:14,Google_Sec,8.8.4.4,google.com,11,OK
2025-12-14 14:04:15,Google_Sec,8.8.4.4,amazon.com,10,OK
2025-12-14 14:04:16,Google_Sec,8.8.4.4,facebook.com,13,OK
2025-12-14 14:04:16,Google_Sec,8.8.4.4,uol.com.br,13,OK
2025-12-14 14:04:17,Google_Sec,8.8.4.4,netflix.com,12,OK
2025-12-14 14:04:17,Google_Sec,8.8.4.4,chatgpt.com,25,OK
2025-12-14 14:04:18,Google_Sec,8.8.4.4,gemini.google.com,13,OK
2025-12-14 14:04:19,Google_Sec,8.8.4.4,canva.com,19,OK
2025-12-14 14:04:19,Google_Sec,8.8.4.4,sei.univesp.br,9,OK
2025-12-14 14:04:20,Google_Sec,8.8.4.4,bertioga.sp.gov.br,11,OK
2025-12-14 14:04:20,Google_Sec,8.8.4.4,youtube.com,12,OK
2025-12-14 14:04:21,Cloudflare_Pri,1.1.1.1,google.com,13,OK
2025-12-14 14:04:22,Cloudflare_Pri,1.1.1.1,amazon.com,11,OK
2025-12-14 14:04:22,Cloudflare_Pri,1.1.1.1,facebook.com,11,OK
2025-12-14 14:04:23,Cloudflare_Pri,1.1.1.1,uol.com.br,8,OK
2025-12-14 14:04:23,Cloudflare_Pri,1.1.1.1,netflix.com,16,OK
2025-12-14 14:04:24,Cloudflare_Pri,1.1.1.1,chatgpt.com,10,OK
2025-12-14 14:04:25,Cloudflare_Pri,1.1.1.1,gemini.google.com,11,OK
2025-12-14 14:04:25,Cloudflare_Pri,1.1.1.1,canva.com,13,OK
2025-12-14 14:04:26,Cloudflare_Pri,1.1.1.1,sei.univesp.br,18,OK
2025-12-14 14:04:26,Cloudflare_Pri,1.1.1.1,bertioga.sp.gov.br,11,OK
2025-12-14 14:04:27,Cloudflare_Pri,1.1.1.1,youtube.com,10,OK
2025-12-14 14:04:28,Linkfort_7,138.97.220.69,google.com,28,OK
2025-12-14 14:04:28,Linkfort_7,138.97.220.69,amazon.com,11,OK
2025-12-14 14:04:29,Linkfort_7,138.97.220.69,facebook.com,11,OK
2025-12-14 14:04:29,Linkfort_7,138.97.220.69,uol.com.br,12,OK
2025-12-14 14:04:30,Linkfort_7,138.97.220.69,netflix.com,10,OK
2025-12-14 14:04:30,Linkfort_7,138.97.220.69,chatgpt.com,11,OK
2025-12-14 14:04:31,Linkfort_7,138.97.220.69,gemini.google.com,11,OK
2025-12-14 14:04:32,Linkfort_7,138.97.220.69,canva.com,17,OK
2025-12-14 14:04:32,Linkfort_7,138.97.220.69,sei.univesp.br,32,OK
2025-12-14 14:04:33,Linkfort_7,138.97.220.69,bertioga.sp.gov.br,18,OK
2025-12-14 14:04:33,Linkfort_7,138.97.220.69,youtube.com,14,OK
2025-12-14 14:04:34,Linkfort_6,138.97.220.66,google.com,15,OK
2025-12-14 14:04:35,Linkfort_6,138.97.220.66,amazon.com,15,OK
2025-12-14 14:04:35,Linkfort_6,138.97.220.66,facebook.com,12,OK
2025-12-14 14:04:36,Linkfort_6,138.97.220.66,uol.com.br,13,OK
2025-12-14 14:04:36,Linkfort_6,138.97.220.66,netflix.com,11,OK
2025-12-14 14:04:37,Linkfort_6,138.97.220.66,chatgpt.com,10,OK
2025-12-14 14:04:37,Linkfort_6,138.97.220.66,gemini.google.com,10,OK
2025-12-14 14:04:38,Linkfort_6,138.97.220.66,canva.com,9,OK
2025-12-14 14:04:39,Linkfort_6,138.97.220.66,sei.univesp.br,14,OK
2025-12-14 14:04:39,Linkfort_6,138.97.220.66,bertioga.sp.gov.br,13,OK
2025-12-14 14:04:40,Linkfort_6,138.97.220.66,youtube.com,11,OK
2025-12-14 14:04:40,Linkfort_5,138.97.220.65,google.com,10,OK
2025-12-14 14:04:41,Linkfort_5,138.97.220.65,amazon.com,10,OK
2025-12-14 14:04:42,Linkfort_5,138.97.220.65,facebook.com,24,OK
2025-12-14 14:04:42,Linkfort_5,138.97.220.65,uol.com.br,9,OK
2025-12-14 14:04:43,Linkfort_5,138.97.220.65,netflix.com,11,OK
2025-12-14 14:04:43,Linkfort_5,138.97.220.65,chatgpt.com,11,OK
2025-12-14 14:04:44,Linkfort_5,138.97.220.65,gemini.google.com,13,OK
2025-12-14 14:04:45,Linkfort_5,138.97.220.65,canva.com,11,OK
2025-12-14 14:04:45,Linkfort_5,138.97.220.65,sei.univesp.br,14,OK
2025-12-14 14:04:46,Linkfort_5,138.97.220.65,bertioga.sp.gov.br,11,OK
2025-12-14 14:04:46,Linkfort_5,138.97.220.65,youtube.com,13,OK
2025-12-14 14:04:47,Linkfort_2,138.97.220.62,google.com,10,OK
2025-12-14 14:04:48,Linkfort_2,138.97.220.62,amazon.com,10,OK
2025-12-14 14:04:48,Linkfort_2,138.97.220.62,facebook.com,34,OK
2025-12-14 14:04:49,Linkfort_2,138.97.220.62,uol.com.br,10,OK
2025-12-14 14:04:49,Linkfort_2,138.97.220.62,netflix.com,9,OK
2025-12-14 14:04:50,Linkfort_2,138.97.220.62,chatgpt.com,13,OK
2025-12-14 14:04:50,Linkfort_2,138.97.220.62,gemini.google.com,13,OK
2025-12-14 14:04:51,Linkfort_2,138.97.220.62,canva.com,13,OK
2025-12-14 14:04:52,Linkfort_2,138.97.220.62,sei.univesp.br,12,OK
2025-12-14 14:04:52,Linkfort_2,138.97.220.62,bertioga.sp.gov.br,9,OK
2025-12-14 14:04:53,Linkfort_2,138.97.220.62,youtube.com,9,OK
2025-12-14 14:04:53,Linkfort_4,138.97.220.60,google.com,13,OK
2025-12-14 14:04:54,Linkfort_4,138.97.220.60,amazon.com,13,OK
2025-12-14 14:04:55,Linkfort_4,138.97.220.60,facebook.com,10,OK
2025-12-14 14:04:55,Linkfort_4,138.97.220.60,uol.com.br,11,OK
2025-12-14 14:04:56,Linkfort_4,138.97.220.60,netflix.com,11,OK
2025-12-14 14:04:56,Linkfort_4,138.97.220.60,chatgpt.com,19,OK
2025-12-14 14:04:57,Linkfort_4,138.97.220.60,gemini.google.com,26,OK
2025-12-14 14:04:57,Linkfort_4,138.97.220.60,canva.com,12,OK
2025-12-14 14:04:58,Linkfort_4,138.97.220.60,sei.univesp.br,11,OK
2025-12-14 14:04:59,Linkfort_4,138.97.220.60,bertioga.sp.gov.br,10,OK
2025-12-14 14:04:59,Linkfort_4,138.97.220.60,youtube.com,9,OK
2025-12-14 14:05:00,Google_Pri,8.8.8.8,google.com,9,OK
2025-12-14 14:05:00,Google_Pri,8.8.8.8,amazon.com,15,OK
2025-12-14 14:05:01,Google_Pri,8.8.8.8,facebook.com,76,OK
2025-12-14 14:05:02,Google_Pri,8.8.8.8,uol.com.br,15,OK
2025-12-14 14:05:02,Google_Pri,8.8.8.8,netflix.com,77,OK
2025-12-14 14:05:03,Google_Pri,8.8.8.8,chatgpt.com,48,OK
2025-12-14 14:05:03,Google_Pri,8.8.8.8,gemini.google.com,49,OK
2025-12-14 14:05:04,Google_Pri,8.8.8.8,canva.com,62,OK
2025-12-14 14:05:05,Google_Pri,8.8.8.8,sei.univesp.br,169,OK
2025-12-14 14:05:05,Google_Pri,8.8.8.8,bertioga.sp.gov.br,35,OK
2025-12-14 14:05:06,Google_Pri,8.8.8.8,youtube.com,8,OK
2025-12-14 14:05:07,Linkfort_3,138.97.220.57,google.com,13,OK
2025-12-14 14:05:07,Linkfort_3,138.97.220.57,amazon.com,11,OK
2025-12-14 14:05:08,Linkfort_3,138.97.220.57,facebook.com,11,OK
2025-12-14 14:05:08,Linkfort_3,138.97.220.57,uol.com.br,15,OK
2025-12-14 14:05:09,Linkfort_3,138.97.220.57,netflix.com,12,OK
2025-12-14 14:05:10,Linkfort_3,138.97.220.57,chatgpt.com,11,OK
2025-12-14 14:05:10,Linkfort_3,138.97.220.57,gemini.google.com,14,OK
2025-12-14 14:05:11,Linkfort_3,138.97.220.57,canva.com,22,OK
2025-12-14 14:05:11,Linkfort_3,138.97.220.57,sei.univesp.br,36,OK
2025-12-14 14:05:12,Linkfort_3,138.97.220.57,bertioga.sp.gov.br,15,OK
2025-12-14 14:05:13,Linkfort_3,138.97.220.57,youtube.com,12,OK
2025-12-14 14:05:13,Linkfort_1,138.97.220.58,google.com,11,OK
2025-12-14 14:05:14,Linkfort_1,138.97.220.58,amazon.com,14,OK
2025-12-14 14:05:14,Linkfort_1,138.97.220.58,facebook.com,20,OK
2025-12-14 14:05:15,Linkfort_1,138.97.220.58,uol.com.br,13,OK
2025-12-14 14:05:15,Linkfort_1,138.97.220.58,netflix.com,11,OK
2025-12-14 14:05:16,Linkfort_1,138.97.220.58,chatgpt.com,11,OK
2025-12-14 14:05:17,Linkfort_1,138.97.220.58,gemini.google.com,10,OK
2025-12-14 14:05:17,Linkfort_1,138.97.220.58,canva.com,12,OK
2025-12-14 14:05:18,Linkfort_1,138.97.220.58,sei.univesp.br,9,OK
2025-12-14 14:05:18,Linkfort_1,138.97.220.58,bertioga.sp.gov.br,12,OK
2025-12-14 14:05:19,Linkfort_1,138.97.220.58,youtube.com,33,OK
2025-12-14 14:05:19,Linkfort_8,138.97.220.70,google.com,10,OK
2025-12-14 14:05:20,Linkfort_8,138.97.220.70,amazon.com,13,OK
2025-12-14 14:05:21,Linkfort_8,138.97.220.70,facebook.com,12,OK
2025-12-14 14:05:21,Linkfort_8,138.97.220.70,uol.com.br,13,OK
2025-12-14 14:05:22,Linkfort_8,138.97.220.70,netflix.com,13,OK
2025-12-14 14:05:22,Linkfort_8,138.97.220.70,chatgpt.com,33,OK
2025-12-14 14:05:23,Linkfort_8,138.97.220.70,gemini.google.com,16,OK
2025-12-14 14:05:24,Linkfort_8,138.97.220.70,canva.com,10,OK
2025-12-14 14:05:24,Linkfort_8,138.97.220.70,sei.univesp.br,16,OK
2025-12-14 14:05:25,Linkfort_8,138.97.220.70,bertioga.sp.gov.br,14,OK
2025-12-14 14:05:25,Linkfort_8,138.97.220.70,youtube.com,11,OK
2025-12-14 14:05:26,Cloudflare_Sec,1.0.0.1,google.com,8,OK
2025-12-14 14:05:27,Cloudflare_Sec,1.0.0.1,amazon.com,12,OK
2025-12-14 14:05:27,Cloudflare_Sec,1.0.0.1,facebook.com,14,OK
2025-12-14 14:05:28,Cloudflare_Sec,1.0.0.1,uol.com.br,10,OK
2025-12-14 14:05:28,Cloudflare_Sec,1.0.0.1,netflix.com,13,OK
2025-12-14 14:05:29,Cloudflare_Sec,1.0.0.1,chatgpt.com,12,OK
2025-12-14 14:05:29,Cloudflare_Sec,1.0.0.1,gemini.google.com,13,OK
2025-12-14 14:05:30,Cloudflare_Sec,1.0.0.1,canva.com,11,OK
2025-12-14 14:05:31,Cloudflare_Sec,1.0.0.1,sei.univesp.br,12,OK
2025-12-14 14:05:31,Cloudflare_Sec,1.0.0.1,bertioga.sp.gov.br,16,OK
2025-12-14 14:05:32,Cloudflare_Sec,1.0.0.1,youtube.com,10,OK
2025-12-14 14:23:29,Google_Sec,8.8.4.4,google.com,10,OK
2025-12-14 14:23:30,Google_Sec,8.8.4.4,amazon.com,12,OK
2025-12-14 14:23:30,Google_Sec,8.8.4.4,facebook.com,10,OK
2025-12-14 14:23:31,Google_Sec,8.8.4.4,uol.com.br,10,OK
2025-12-14 14:23:31,Google_Sec,8.8.4.4,netflix.com,74,OK
2025-12-14 14:23:32,Google_Sec,8.8.4.4,chatgpt.com,11,OK
2025-12-14 14:23:32,Google_Sec,8.8.4.4,gemini.google.com,25,OK
2025-12-14 14:23:33,Google_Sec,8.8.4.4,canva.com,36,OK
2025-12-14 14:23:34,Google_Sec,8.8.4.4,sei.univesp.br,40,OK
2025-12-14 14:23:34,Google_Sec,8.8.4.4,bertioga.sp.gov.br,64,OK
2025-12-14 14:23:35,Google_Sec,8.8.4.4,youtube.com,69,OK
2025-12-14 14:23:36,Cloudflare_Pri,1.1.1.1,google.com,19,OK
2025-12-14 14:23:36,Cloudflare_Pri,1.1.1.1,amazon.com,10,OK
2025-12-14 14:23:37,Cloudflare_Pri,1.1.1.1,facebook.com,10,OK
2025-12-14 14:23:37,Cloudflare_Pri,1.1.1.1,uol.com.br,11,OK
2025-12-14 14:23:38,Cloudflare_Pri,1.1.1.1,netflix.com,12,OK
2025-12-14 14:23:38,Cloudflare_Pri,1.1.1.1,chatgpt.com,12,OK
2025-12-14 14:23:39,Cloudflare_Pri,1.1.1.1,gemini.google.com,12,OK
2025-12-14 14:23:40,Cloudflare_Pri,1.1.1.1,canva.com,8,OK
2025-12-14 14:23:40,Cloudflare_Pri,1.1.1.1,sei.univesp.br,14,OK
2025-12-14 14:23:41,Cloudflare_Pri,1.1.1.1,bertioga.sp.gov.br,9,OK
2025-12-14 14:23:41,Cloudflare_Pri,1.1.1.1,youtube.com,28,OK
2025-12-14 14:23:42,Linkfort_7,138.97.220.69,google.com,9,OK
2025-12-14 14:23:42,Linkfort_7,138.97.220.69,amazon.com,9,OK
2025-12-14 14:23:43,Linkfort_7,138.97.220.69,facebook.com,13,OK
2025-12-14 14:23:44,Linkfort_7,138.97.220.69,uol.com.br,8,OK
2025-12-14 14:23:44,Linkfort_7,138.97.220.69,netflix.com,15,OK
2025-12-14 14:23:45,Linkfort_7,138.97.220.69,chatgpt.com,11,OK
2025-12-14 14:23:45,Linkfort_7,138.97.220.69,gemini.google.com,11,OK
2025-12-14 14:23:46,Linkfort_7,138.97.220.69,canva.com,11,OK
2025-12-14 14:23:46,Linkfort_7,138.97.220.69,sei.univesp.br,9,OK
2025-12-14 14:23:47,Linkfort_7,138.97.220.69,bertioga.sp.gov.br,9,OK
2025-12-14 14:23:47,Linkfort_7,138.97.220.69,youtube.com,11,OK
2025-12-14 14:23:48,Linkfort_6,138.97.220.66,google.com,9,OK
2025-12-14 14:23:49,Linkfort_6,138.97.220.66,amazon.com,11,OK
2025-12-14 14:23:49,Linkfort_6,138.97.220.66,facebook.com,15,OK
2025-12-14 14:23:50,Linkfort_6,138.97.220.66,uol.com.br,12,OK
2025-12-14 14:23:50,Linkfort_6,138.97.220.66,netflix.com,22,OK
2025-12-14 14:23:51,Linkfort_6,138.97.220.66,chatgpt.com,27,OK
2025-12-14 14:23:51,Linkfort_6,138.97.220.66,gemini.google.com,33,OK
2025-12-14 14:23:52,Linkfort_6,138.97.220.66,canva.com,11,OK
2025-12-14 14:23:53,Linkfort_6,138.97.220.66,sei.univesp.br,12,OK
2025-12-14 14:23:53,Linkfort_6,138.97.220.66,bertioga.sp.gov.br,10,OK
2025-12-14 14:23:54,Linkfort_6,138.97.220.66,youtube.com,12,OK
2025-12-14 14:23:54,Linkfort_5,138.97.220.65,google.com,10,OK
2025-12-14 14:23:55,Linkfort_5,138.97.220.65,amazon.com,14,OK
2025-12-14 14:23:55,Linkfort_5,138.97.220.65,facebook.com,27,OK
2025-12-14 14:23:56,Linkfort_5,138.97.220.65,uol.com.br,10,OK
2025-12-14 14:23:57,Linkfort_5,138.97.220.65,netflix.com,10,OK
2025-12-14 14:23:57,Linkfort_5,138.97.220.65,chatgpt.com,11,OK
2025-12-14 14:23:58,Linkfort_5,138.97.220.65,gemini.google.com,14,OK
2025-12-14 14:23:58,Linkfort_5,138.97.220.65,canva.com,13,OK
2025-12-14 14:23:59,Linkfort_5,138.97.220.65,sei.univesp.br,16,OK
2025-12-14 14:24:00,Linkfort_5,138.97.220.65,bertioga.sp.gov.br,10,OK
2025-12-14 14:24:00,Linkfort_5,138.97.220.65,youtube.com,10,OK
2025-12-14 14:24:01,Linkfort_2,138.97.220.62,google.com,31,OK
2025-12-14 14:24:01,Linkfort_2,138.97.220.62,amazon.com,11,OK
2025-12-14 14:24:02,Linkfort_2,138.97.220.62,facebook.com,15,OK
2025-12-14 14:24:03,Linkfort_2,138.97.220.62,uol.com.br,11,OK
2025-12-14 14:24:03,Linkfort_2,138.97.220.62,netflix.com,12,OK
2025-12-14 14:24:04,Linkfort_2,138.97.220.62,chatgpt.com,13,OK
2025-12-14 14:24:04,Linkfort_2,138.97.220.62,gemini.google.com,11,OK
2025-12-14 14:24:05,Linkfort_2,138.97.220.62,canva.com,11,OK
2025-12-14 14:24:05,Linkfort_2,138.97.220.62,sei.univesp.br,11,OK
2025-12-14 14:24:06,Linkfort_2,138.97.220.62,bertioga.sp.gov.br,29,OK
2025-12-14 14:24:07,Linkfort_2,138.97.220.62,youtube.com,31,OK
2025-12-14 14:24:07,Linkfort_4,138.97.220.60,google.com,11,OK
2025-12-14 14:24:08,Linkfort_4,138.97.220.60,amazon.com,10,OK
2025-12-14 14:24:08,Linkfort_4,138.97.220.60,facebook.com,36,OK
2025-12-14 14:24:09,Linkfort_4,138.97.220.60,uol.com.br,10,OK
2025-12-14 14:24:10,Linkfort_4,138.97.220.60,netflix.com,11,OK
2025-12-14 14:24:10,Linkfort_4,138.97.220.60,chatgpt.com,15,OK
2025-12-14 14:24:11,Linkfort_4,138.97.220.60,gemini.google.com,13,OK
2025-12-14 14:24:11,Linkfort_4,138.97.220.60,canva.com,12,OK
2025-12-14 14:24:12,Linkfort_4,138.97.220.60,sei.univesp.br,10,OK
2025-12-14 14:24:12,Linkfort_4,138.97.220.60,bertioga.sp.gov.br,10,OK
2025-12-14 14:24:13,Linkfort_4,138.97.220.60,youtube.com,25,OK
2025-12-14 14:24:14,Google_Pri,8.8.8.8,google.com,27,OK
2025-12-14 14:24:14,Google_Pri,8.8.8.8,amazon.com,14,OK
2025-12-14 14:24:15,Google_Pri,8.8.8.8,facebook.com,11,OK
2025-12-14 14:24:15,Google_Pri,8.8.8.8,uol.com.br,13,OK
2025-12-14 14:24:16,Google_Pri,8.8.8.8,netflix.com,11,OK
2025-12-14 14:24:17,Google_Pri,8.8.8.8,chatgpt.com,12,OK
2025-12-14 14:24:17,Google_Pri,8.8.8.8,gemini.google.com,12,OK
2025-12-14 14:24:18,Google_Pri,8.8.8.8,canva.com,9,OK
2025-12-14 14:24:18,Google_Pri,8.8.8.8,sei.univesp.br,12,OK
2025-12-14 14:24:19,Google_Pri,8.8.8.8,bertioga.sp.gov.br,10,OK
2025-12-14 14:24:19,Google_Pri,8.8.8.8,youtube.com,8,OK
2025-12-14 14:24:20,Linkfort_3,138.97.220.57,google.com,10,OK
2025-12-14 14:24:21,Linkfort_3,138.97.220.57,amazon.com,22,OK
2025-12-14 14:24:21,Linkfort_3,138.97.220.57,facebook.com,13,OK
2025-12-14 14:24:22,Linkfort_3,138.97.220.57,uol.com.br,11,OK
2025-12-14 14:24:22,Linkfort_3,138.97.220.57,netflix.com,10,OK
2025-12-14 14:24:23,Linkfort_3,138.97.220.57,chatgpt.com,13,OK
2025-12-14 14:24:24,Linkfort_3,138.97.220.57,gemini.google.com,12,OK
2025-12-14 14:24:24,Linkfort_3,138.97.220.57,canva.com,10,OK
2025-12-14 14:24:25,Linkfort_3,138.97.220.57,sei.univesp.br,15,OK
2025-12-14 14:24:25,Linkfort_3,138.97.220.57,bertioga.sp.gov.br,14,OK
2025-12-14 14:24:26,Linkfort_3,138.97.220.57,youtube.com,11,OK
2025-12-14 14:24:27,Linkfort_1,138.97.220.58,google.com,12,OK
2025-12-14 14:24:27,Linkfort_1,138.97.220.58,amazon.com,13,OK
2025-12-14 14:24:28,Linkfort_1,138.97.220.58,facebook.com,19,OK
2025-12-14 14:24:28,Linkfort_1,138.97.220.58,uol.com.br,361,OK
2025-12-14 14:24:29,Linkfort_1,138.97.220.58,netflix.com,10,OK
2025-12-14 14:24:30,Linkfort_1,138.97.220.58,chatgpt.com,13,OK
2025-12-14 14:24:30,Linkfort_1,138.97.220.58,gemini.google.com,12,OK
2025-12-14 14:24:31,Linkfort_1,138.97.220.58,canva.com,10,OK
2025-12-14 14:24:32,Linkfort_1,138.97.220.58,sei.univesp.br,10,OK
2025-12-14 14:24:32,Linkfort_1,138.97.220.58,bertioga.sp.gov.br,12,OK
2025-12-14 14:24:33,Linkfort_1,138.97.220.58,youtube.com,9,OK
2025-12-14 14:24:33,Linkfort_8,138.97.220.70,google.com,13,OK
2025-12-14 14:24:34,Linkfort_8,138.97.220.70,amazon.com,12,OK
2025-12-14 14:24:34,Linkfort_8,138.97.220.70,facebook.com,14,OK
2025-12-14 14:24:35,Linkfort_8,138.97.220.70,uol.com.br,11,OK
2025-12-14 14:24:36,Linkfort_8,138.97.220.70,netflix.com,15,OK
2025-12-14 14:24:36,Linkfort_8,138.97.220.70,chatgpt.com,18,OK
2025-12-14 14:24:37,Linkfort_8,138.97.220.70,gemini.google.com,33,OK
2025-12-14 14:24:38,Linkfort_8,138.97.220.70,canva.com,10,OK
2025-12-14 14:24:38,Linkfort_8,138.97.220.70,sei.univesp.br,13,OK
2025-12-14 14:24:39,Linkfort_8,138.97.220.70,bertioga.sp.gov.br,11,OK
2025-12-14 14:24:39,Linkfort_8,138.97.220.70,youtube.com,20,OK
2025-12-14 14:24:40,Cloudflare_Sec,1.0.0.1,google.com,11,OK
2025-12-14 14:24:41,Cloudflare_Sec,1.0.0.1,amazon.com,10,OK
2025-12-14 14:24:41,Cloudflare_Sec,1.0.0.1,facebook.com,11,OK
2025-12-14 14:24:42,Cloudflare_Sec,1.0.0.1,uol.com.br,12,OK
2025-12-14 14:24:42,Cloudflare_Sec,1.0.0.1,netflix.com,14,OK
2025-12-14 14:24:43,Cloudflare_Sec,1.0.0.1,chatgpt.com,15,OK
2025-12-14 14:24:43,Cloudflare_Sec,1.0.0.1,gemini.google.com,11,OK
2025-12-14 14:24:44,Cloudflare_Sec,1.0.0.1,canva.com,13,OK
2025-12-14 14:24:45,Cloudflare_Sec,1.0.0.1,sei.univesp.br,12,OK
2025-12-14 14:24:45,Cloudflare_Sec,1.0.0.1,bertioga.sp.gov.br,10,OK
2025-12-14 14:24:46,Cloudflare_Sec,1.0.0.1,youtube.com,17,OK
2025-12-14 14:29:57,Google_Sec,8.8.4.4,google.com,8,OK
2025-12-14 14:29:58,Google_Sec,8.8.4.4,amazon.com,26,OK
2025-12-14 14:29:58,Google_Sec,8.8.4.4,facebook.com,13,OK
2025-12-14 14:29:59,Google_Sec,8.8.4.4,uol.com.br,42,OK
2025-12-14 14:30:01,Google_Sec,8.8.4.4,netflix.com,21,OK
2025-12-14 14:30:02,Google_Sec,8.8.4.4,chatgpt.com,40,OK
2025-12-14 14:30:02,Google_Sec,8.8.4.4,gemini.google.com,26,OK
2025-12-14 14:30:03,Google_Sec,8.8.4.4,canva.com,15,OK
2025-12-14 14:30:03,Google_Sec,8.8.4.4,sei.univesp.br,12,OK
